studium_id,MI-PAA,MI-MPI,MI-PDP.16,MI-SPI.16
9249706,,4.0,,
9236906,2.5,2.5,,
8333406,,4.0,,
9248206,2.5,3.0,,
13027706,2.5,2.5,,4.0
14794806,3.0,3.0,2.0,2.5
6854606,1.5,2.5,,
6805806,1.5,1.5,,
6806006,2.5,2.0,,
6806106,2.0,2.0,,
6806206,3.0,2.5,,
6806406,2.0,2.5,,
6806506,1.5,2.5,,
6440406,,,,
6396706,4.0,4.0,,
11644206,4.0,4.0,,
6854706,1.0,2.0,,
6956706,2.0,2.0,,
6806906,1.5,3.0,,
8331106,,4.0,,
6807706,2.5,2.5,,
6396806,2.0,3.0,,
6808306,2.0,1.5,,
6808606,2.0,2.0,,
6810106,2.0,3.0,,
6957006,2.0,2.5,,
6810406,1.5,1.5,,
8345006,1.5,2.0,,
8345406,2.0,2.5,,
8341906,,4.0,,
9237706,2.0,3.0,,
6811206,1.5,2.5,,
6811406,2.0,1.5,,
6811606,2.0,3.0,,
9979506,2.5,3.0,,
6811906,2.0,2.0,,
6812006,2.0,3.0,,
6812106,2.0,2.5,,
6430406,2.0,1.0,,
6812606,2.0,2.0,,
6812806,2.5,3.0,,
6812906,1.0,1.0,,
12234106,2.0,2.5,,
6813006,,2.5,,
6813306,2.0,3.0,,
6813706,1.5,2.5,,
6855006,2.0,2.5,,
6814206,2.0,2.0,,
13500006,4.0,4.0,,
6814306,4.0,2.5,,
11651606,4.0,2.5,,
6814606,2.5,3.0,,
6392906,2.5,2.5,,
6815006,1.5,3.0,,
6855106,2.0,3.0,,
8327306,1.5,3.0,,
8333006,,4.0,,
6815406,,4.0,,
6815506,,3.0,,
6816106,2.5,2.5,,
6816306,1.0,2.0,,
8329306,3.0,3.0,,
6816706,2.0,2.5,,
8324406,1.5,2.0,,
6816906,1.0,2.0,,
6817106,1.0,1.0,,
6817206,2.0,2.5,,
6438506,1.5,2.0,,
6817406,1.5,2.0,,
9244606,1.5,2.0,,
6817506,1.5,2.5,,
6817606,3.0,2.5,,
6957306,2.0,2.5,,
8330506,,4.0,,
9249606,4.0,3.0,,
8332406,1.5,2.5,,
8343406,,3.0,,
6817906,1.5,2.0,,
6818106,2.0,1.5,,
6818706,1.5,1.5,,
8373906,,4.0,,
13020006,2.5,2.5,2.0,2.5
9251606,2.5,4.0,,
6819306,4.0,2.5,,
12234706,2.5,2.5,,
9231906,2.5,2.5,,
8328406,1.5,3.0,,
8374106,,4.0,,
9982306,3.0,3.0,,
6819706,1.5,2.5,,
6422506,1.0,2.0,,
6819806,2.5,3.0,,
6820006,2.0,2.5,,
6820506,2.5,2.5,,
6855606,1.5,2.0,,
6821606,1.5,2.5,,
6821706,2.0,2.5,,
8333306,2.5,2.5,,
13035206,2.5,2.5,,3.0
8328106,2.0,2.0,,
6855706,2.0,2.5,,
6855806,,4.0,,
6822206,4.0,2.0,,
11658706,4.0,2.0,,
8344706,,4.0,,
9232406,1.5,2.5,,
6822306,1.5,4.0,,
6822406,1.5,2.0,,
6822506,2.5,2.5,,
6822606,2.5,2.5,,
6823006,2.5,2.5,,
6823106,2.5,2.5,,
6815906,2.5,2.5,,
8330106,3.0,2.5,,
6855506,2.0,3.0,,
6821006,2.5,2.5,,
8338706,1.5,2.5,,
6854406,2.0,3.0,,
6809806,4.0,3.0,,
8335506,,4.0,,
6815206,2.0,2.5,,
6812206,1.0,1.5,,
6821906,3.0,2.5,,
6809606,2.5,2.0,,
9242606,3.0,3.0,,
8346306,,4.0,,
9248306,,4.0,,
11652506,,,,
8330606,2.5,2.5,,
6820306,1.5,1.0,,
6817006,2.0,2.0,,
8652706,,4.0,,
6813806,4.0,3.0,,
9236106,2.5,3.0,,
11650306,2.5,3.0,,
6805706,2.0,3.0,,
8339106,3.0,2.0,,
6810706,4.0,3.0,,
9245206,,4.0,,
8372506,2.5,3.0,,
6420506,2.0,2.5,,
6868806,2.0,3.0,,
6806606,2.0,2.5,,
6808206,2.0,3.0,,
12235706,2.0,2.5,,
6806706,,4.0,,
8326806,,3.0,,
6432506,2.5,3.0,,
6809906,2.5,2.5,,
6809406,2.0,3.0,,
9234506,2.0,2.5,,
13030006,2.0,2.5,1.5,3.0
8337006,2.0,4.0,,
9981306,,4.0,,
6815306,1.5,2.0,,
6817706,2.0,2.5,,
8373106,,4.0,,
8329806,2.0,2.0,,
6820206,1.5,2.5,,
6820806,2.5,3.0,,
6816806,,4.0,,
6805606,2.0,2.5,,
6956906,,4.0,,
6809506,2.0,2.5,,
4228206,1.5,3.0,,
17885906,,1.5,,
9234406,2.5,3.0,2.0,
9235506,1.5,2.0,,
7862006,,,,
9978906,4.0,4.0,,
9234806,1.5,2.5,,
8324806,4.0,1.0,,
9247306,1.5,1.5,,
3683306,,,,
3684106,4.0,4.0,,
6811506,4.0,4.0,,
3684606,,,,
3684706,2.5,1.0,,
6854906,4.0,2.5,,
3684906,4.0,2.5,,
3691006,1.5,2.5,,
3692106,2.5,3.0,,
3692306,2.5,3.0,,
3693306,3.0,2.0,,
3693706,1.5,2.5,,
3696206,,,,
3697006,,,,
8336906,2.0,2.0,,
9983406,2.5,2.5,,
8330406,,4.0,,
11643506,2.0,3.0,,
9234906,1.5,1.5,,
9249806,,4.0,,
8332506,1.5,2.0,,
8338206,2.0,2.5,,
8334506,1.5,3.0,,
9232306,1.5,2.0,,
8324106,1.5,2.5,,
8323306,1.0,1.0,,
8072506,2.5,3.0,,
8328306,2.0,2.5,,
8332906,,4.0,,
13501106,2.5,2.5,,3.0
9982506,3.0,2.5,,
8338506,1.5,2.5,,
9979406,2.5,2.5,,
8340206,1.5,1.5,,
8325306,,4.0,,
9234706,,3.0,,
13017206,2.0,3.0,1.5,2.5
8335606,3.0,2.0,,
12235606,1.5,3.0,,
8329406,1.5,3.0,,
8331406,1.5,1.0,,
8330706,2.0,1.5,,
8342406,,4.0,,
8346606,2.0,2.5,,
7904506,,,,
9234306,4.0,3.0,,
9240506,,4.0,,
11644406,2.0,2.5,,
9982906,2.0,1.5,,
9239606,2.0,2.0,,
8343906,2.5,2.5,,
9240906,2.0,2.5,,
8335406,2.0,2.0,,
9245806,2.0,2.5,,
8336306,1.5,2.5,,
9251306,,4.0,,
8344906,4.0,,,
12237206,4.0,4.0,,
8330906,3.0,3.0,,
7908406,1.5,2.5,,
8328506,2.0,1.0,,
8328906,4.0,4.0,,
8323806,2.0,2.0,,
8373006,1.5,3.0,,
9981906,4.0,3.0,,
8333706,4.0,3.0,,
7864506,2.5,3.0,,
8341706,3.0,2.5,,
8335906,1.5,2.0,,
8323506,1.5,2.5,,
8334406,1.5,2.5,,
8343306,1.5,1.0,,
8340806,2.0,1.5,,
8340106,4.0,3.0,,
8326506,2.5,3.0,,
8372906,1.5,1.5,,
9238506,2.0,3.0,,
8356006,2.5,2.5,,
8324706,2.5,2.0,,
9251106,,,,
9247806,1.5,2.5,,
9236406,2.0,2.5,,
9981406,2.5,3.0,,2.5
11658806,2.0,2.5,,
9983206,2.0,4.0,,
9250206,2.5,3.0,,
8327606,2.0,2.0,,
8331606,2.0,2.0,,
9248906,1.5,3.0,,
9238606,2.0,3.0,,
8338106,1.5,3.0,,
17893406,,,,
8334706,4.0,2.5,,
13030106,1.5,2.5,2.0,3.0
9233006,,2.0,,
11647006,3.0,2.0,,
9245006,1.5,2.5,,
8331006,2.5,2.5,,
13034806,2.0,4.0,,
8340306,2.0,3.0,,
8332606,2.0,2.5,,
9233706,2.5,3.0,,
9233206,2.0,1.0,,
8333206,1.5,2.0,,
8337306,1.5,2.5,,
8334606,2.0,2.0,,
13029206,1.0,2.0,4.0,2.0
17205706,1.0,2.0,2.0,2.0
16197906,1.0,2.0,,2.0
11651206,4.0,4.0,,
13033006,2.0,3.0,2.0,2.5
9244506,,4.0,,
17205606,2.0,2.0,2.5,2.5
11642706,2.0,2.0,,2.5
8373406,1.5,1.5,,
8325806,2.0,2.5,,
9251206,4.0,,,
8331306,,4.0,,
9239806,2.5,3.0,,
9233806,2.5,3.0,,
9249006,4.0,2.5,,
13034706,4.0,2.5,,
15644706,4.0,2.5,,
16698506,4.0,2.5,,
8336206,3.0,3.0,,
8331706,2.0,1.5,,
8339006,,3.0,,
8323206,1.0,1.0,,
8330306,1.0,1.5,,
8329606,1.5,1.5,,
8332206,3.0,2.0,,
11656406,,4.0,,
8344406,1.0,1.0,,
8373506,2.0,2.5,,
8341206,2.5,2.5,,
8332806,1.0,1.5,,
12237306,2.0,2.5,,
8341606,2.0,4.0,,
8323906,2.0,2.5,,
8325506,1.5,3.0,,
13032306,3.0,2.5,2.0,3.0
8336106,2.0,2.0,,
13500506,2.0,2.0,,
8341306,1.5,3.0,,
8326606,2.0,1.5,,
8338306,2.5,2.0,,
8328706,1.5,1.0,,
7904706,3.0,3.0,,
9981706,2.5,3.0,,
8325906,2.5,2.5,,
14793406,2.0,2.5,,
7956506,2.0,2.5,,
8326206,2.0,2.5,,
8337406,,4.0,,
9245906,2.0,3.0,,
8328006,1.5,3.0,,
9979606,1.5,1.5,,
8338906,1.0,1.5,,
8333906,2.5,3.0,,
8333806,1.0,2.0,,
8345306,,4.0,,
8346006,4.0,2.5,,
14289006,2.5,2.5,4.0,
15644106,2.5,2.5,1.5,
8345606,2.5,2.5,,
8336506,,4.0,,
11645906,4.0,2.5,4.0,2.5
16693206,3.0,2.5,2.0,2.5
8331806,3.0,2.0,,
13030806,4.0,4.0,,
9244006,,4.0,,
8325006,2.0,2.5,,
8372606,1.5,2.0,,
8332706,2.5,2.0,,
9983306,1.5,2.5,,
7862306,2.0,3.0,,
9236806,,4.0,,
8342906,,4.0,,
8325706,1.0,2.0,,
8339206,1.5,2.5,,
8326406,2.5,2.0,,
5421206,1.5,3.0,,
9978806,,4.0,,
7862206,2.5,2.5,,
8337706,2.5,2.0,,
8329906,1.5,2.5,,
8330206,,4.0,,
8341006,2.5,2.5,,
9252306,,4.0,,
9232606,2.0,2.5,,
9241106,1.0,2.0,,
9235706,2.5,4.0,,
8330806,,4.0,,
8344306,2.0,2.0,,
11648006,,3.0,,
9979306,2.0,2.5,,
8329006,1.5,2.0,,
9238106,1.5,2.0,,
7862506,1.5,1.5,,
9982706,2.5,3.0,,
8337206,1.5,1.5,,
11651806,4.0,3.0,,3.0
8332006,1.5,1.5,,
8344106,,4.0,,
9245606,2.0,3.0,,
8327106,1.5,2.5,,
8325106,4.0,3.0,,
9236306,3.0,3.0,,
8329206,2.5,2.0,,
8333506,2.5,3.0,,
8337606,1.0,1.0,,
8344206,,4.0,,
11645406,,4.0,,
13030406,4.0,4.0,,
8374306,1.5,2.5,,
9247206,1.5,2.5,,
8342506,2.0,2.0,,
9237006,2.0,3.0,,
8341806,2.0,1.5,,
8329106,2.0,2.5,,
8327706,2.5,2.0,,
9250406,2.0,3.0,,
8334006,1.0,2.5,,
9980406,3.0,3.0,,
9254906,2.5,2.5,,
8327206,2.5,3.0,,
8341106,2.5,2.5,,
11658406,2.0,3.0,,
9232006,,4.0,,
9241006,,4.0,,
9246406,,4.0,,
8372806,,4.0,,
8340006,,4.0,,
8339406,2.0,2.0,,
8373206,2.5,2.5,,
8329506,4.0,,,
8373306,1.5,3.0,,
4009706,,,,
4009906,,,,
8336706,4.0,4.0,,
4010306,4.0,3.0,,
4011406,,,,
4011906,2.0,3.0,,
4012406,1.5,3.0,,
4013106,2.0,3.0,,
4013706,2.0,2.0,,
4014506,,,,
4014606,2.5,2.5,,
4015206,2.5,3.0,,
4015906,,,,
4016406,,,,
4017006,4.0,4.0,,
4017506,,,,
4018306,,4.0,,
8337506,3.0,2.5,,
8337906,2.5,2.0,,
8338406,,4.0,,
9246606,2.0,2.5,,
8342206,2.0,2.0,,
8334206,2.0,2.5,,
8372706,2.5,3.0,,
9248806,2.0,2.5,,
8338606,3.0,3.0,,
8326306,2.5,2.0,,
8325606,,4.0,,
9237206,2.5,3.0,,
13028306,2.5,3.0,2.0,2.5
8343606,4.0,4.0,,
8373806,2.0,3.0,,
8344506,3.0,2.5,,
8335106,2.0,2.5,,
8323406,2.0,1.5,,
8342006,2.0,2.5,,
11646506,,4.0,,
8336606,4.0,2.5,,
13019706,2.0,2.5,2.0,3.0
7862106,4.0,4.0,,
9986506,4.0,4.0,,
15640106,2.0,1.5,2.0,3.0
13024306,4.0,4.0,2.0,4.0
8335206,2.0,2.0,,
8331906,2.5,2.5,,
11653806,1.0,3.0,1.5,2.5
7862406,2.0,3.0,,
8374406,1.5,2.0,,
9235806,1.5,2.0,,
11656306,2.5,2.5,,
8324606,2.5,3.0,,
6818206,3.0,2.5,,
8324306,2.5,3.0,,
8335006,,4.0,,
8337106,2.0,3.0,,
8342706,1.5,2.0,,
8328206,2.5,2.0,,
8324906,1.0,2.0,,
4372606,,,,
4099306,,,,
6806806,1.5,2.0,,
9244706,2.5,3.0,,
8373706,2.5,2.5,,
7957006,2.0,2.0,,
8373606,,,,
11654806,1.5,2.5,,
14304906,1.5,1.5,1.5,2.0
11649106,,4.0,,
11647506,2.0,3.0,,
9242506,2.5,2.0,,
9248706,1.5,2.5,,
9980906,1.5,2.5,,
11654706,,4.0,,
11656106,,4.0,,
9980306,2.5,3.0,,
9240006,2.0,2.5,,
12237106,,4.0,,
11651106,1.5,2.5,1.5,
12234006,,4.0,,
9980606,,4.0,,
11642806,2.0,2.5,,
9241906,1.0,1.5,,
9247106,,4.0,,
9240606,2.0,2.0,,
9243506,2.5,2.0,,
9978406,,4.0,,
11644106,,4.0,,
9236006,1.5,2.5,,
14247606,1.5,2.5,4.0,
9231306,1.5,2.0,,
9239906,2.0,3.0,,
14248706,2.0,2.5,2.0,
11644306,2.0,2.5,2.0,
16691606,,,,
15628406,2.5,2.5,2.0,
9613906,2.5,2.5,,
9978606,2.0,2.0,,
9238006,1.5,2.5,,
13035906,4.0,2.0,,
9236606,4.0,2.0,,
11644806,1.5,2.5,,2.5
9243306,2.0,2.0,,
9249106,1.5,2.5,,
9239006,1.0,1.5,,
9241306,2.5,3.0,,
9245506,2.0,2.5,,
9232106,4.0,4.0,,
14792906,1.5,2.0,2.0,3.0
9979006,1.0,1.5,,
9231606,1.5,2.5,,
13017506,2.0,3.0,2.0,3.0
9231206,,,,
11645606,4.0,4.0,,
9250506,2.5,2.5,,
9238306,1.5,3.0,,
9979206,2.0,3.0,,
13019306,2.0,2.5,2.0,2.0
9236506,2.0,1.5,,
11646606,2.0,3.0,,
11646706,2.5,3.0,,
9242406,1.5,1.5,,
9231806,1.5,1.5,,
9242806,,4.0,,
11647206,1.5,2.0,1.5,
13499106,4.0,4.0,,
9979706,2.0,3.0,,
11647606,2.0,2.5,,2.5
9243706,2.5,2.0,,
9231706,2.5,3.0,,
11647906,2.0,2.5,,
9979806,2.5,2.5,,
9240306,1.5,2.0,,
13036806,4.0,4.0,,
9243206,4.0,3.0,,
9980006,1.5,3.0,,
9235306,2.0,2.0,,
9241506,1.5,1.5,,
16695206,1.5,2.0,,
15638606,1.5,2.0,,
9239206,1.5,2.0,,
9760606,2.0,2.5,,
9240106,2.5,2.5,,
13030906,2.5,2.5,,
9980206,2.5,2.5,,
9241606,2.0,2.5,4.0,
11650406,4.0,3.0,,
9239306,2.0,2.5,,
9980706,4.0,2.5,,
13499906,2.0,2.5,2.0,2.5
9980806,,1.5,,
12235006,,4.0,,
9232506,2.0,2.0,,
9234006,4.0,2.5,,
9243606,2.0,2.5,,
9232806,2.0,3.0,,
9237606,1.5,1.5,,
9247006,,4.0,,
9231006,2.0,1.5,,
11652406,2.0,2.5,,
16197406,4.0,2.5,,1.5
11652606,4.0,2.5,,1.5
9249306,2.5,2.5,,
11652706,,4.0,,
13035406,4.0,4.0,,
9981106,2.0,2.0,,
9243406,2.0,3.0,,
15633206,2.0,2.5,,
9613606,2.0,3.0,,
13500706,4.0,4.0,,
9240706,1.5,1.5,,
9981206,2.5,3.0,,
9241406,,2.0,,
11653106,,2.5,,
13033906,1.5,2.5,1.5,
9247606,,4.0,,
13034906,4.0,4.0,,
9234606,1.5,1.5,,
9242706,2.0,2.5,,
12233906,2.0,1.5,,
9233606,2.5,2.5,,
9250006,2.0,2.0,,
9234206,1.5,2.5,,
9981506,,4.0,,
9238406,1.5,2.0,,
9251006,2.5,2.5,,
9234106,1.5,2.0,,
9246506,2.5,3.0,,
9243006,2.0,2.5,,
12235806,1.0,2.5,,
9233406,2.0,3.0,,
9981806,2.0,2.5,,
9237406,1.5,2.5,,
9236206,2.5,2.5,,
9249906,2.0,1.5,,
9246206,1.0,2.0,,
9293906,1.0,1.5,,
9982106,,4.0,,
9249406,1.0,2.0,,
9239506,1.5,2.0,,
15636006,4.0,4.0,,
9250706,1.5,2.5,,
13035106,1.5,2.5,1.0,
9239706,2.0,2.5,,
11655306,2.0,3.0,2.0,3.0
9242106,2.0,2.5,,
9241806,2.0,2.0,,
9233506,1.5,2.0,,
9247506,1.5,3.0,,
11655406,,4.0,,
9250606,1.5,1.5,,
13501206,2.0,3.0,,2.5
13034006,4.0,4.0,,
14794606,2.0,2.0,2.0,2.5
11656006,,3.0,,
9241706,,4.0,,
11656206,1.5,2.0,1.0,2.0
9233306,1.5,2.5,,
9247906,1.5,2.0,,
9232906,1.0,1.5,,
9243806,2.0,3.0,,
9241206,,4.0,,
9242306,1.5,2.5,,
9247706,2.0,2.5,,
9237106,3.0,2.5,,
11657006,2.0,2.5,2.0,
9250306,1.0,2.5,,
11657306,1.0,1.5,,
9232206,2.5,3.0,,
11657606,2.5,3.0,,
11657806,,4.0,,
9243906,2.0,2.5,,
9238906,4.0,2.5,,
13027606,4.0,2.5,,
9246006,2.0,1.5,,
11658106,4.0,3.0,,3.0
9236706,2.0,1.5,,
9233106,2.0,2.5,,
9244906,3.0,3.0,,
9246306,2.5,2.0,,
11658906,,4.0,,
9240206,1.5,2.5,,
9239406,2.5,2.5,,
9242906,2.0,3.0,,
9983506,1.5,2.0,,
9983606,,4.0,,
9243106,1.5,2.0,,
9982406,1.5,2.0,,
14311406,4.0,4.0,,
13018206,4.0,3.0,4.0,4.0
14947906,1.0,1.5,2.0,2.5
6854806,,4.0,,
17205206,2.0,2.0,2.5,2.5
5402506,,,,
5402806,4.0,4.0,,
9251506,,4.0,,
5402906,,,,
5404106,1.5,1.5,,
5406406,,,,
5406506,1.5,2.0,,
5406806,1.5,2.5,,
5407106,1.5,2.0,,
8573906,,,,
5407606,1.0,1.0,,
5407906,,,,
5408106,2.0,2.5,,
5409606,2.5,3.0,,
5410906,1.5,2.5,,
5411406,1.5,2.0,,
5412106,2.0,2.5,,
5412706,2.0,2.0,,
5412806,,,,
8340506,4.0,,,
5413706,4.0,2.0,,
5415806,2.5,2.5,,
9249206,,4.0,,
16698206,2.0,4.0,4.0,4.0
5688006,1.5,2.5,,
5688806,,4.0,,
13502106,4.0,4.0,4.0,4.0
13498306,2.5,3.0,1.5,2.0
12236806,,4.0,,
16196506,2.5,3.0,4.0,2.5
11643806,4.0,3.0,,2.5
9238806,2.0,3.0,,
13035806,2.0,4.0,,
14792706,2.0,2.0,2.0,
11646006,1.5,3.0,,
15630906,4.0,,,
11646906,1.5,2.5,,
9246106,,2.5,,
16197106,1.0,2.5,2.0,
11647306,2.5,3.0,,
9246806,2.0,2.5,,
14793306,2.5,4.0,,
11647806,2.5,4.0,,
9248506,,4.0,,
9248406,2.0,2.5,,
11649506,,4.0,,
13029406,2.0,2.5,2.5,3.0
9232706,1.5,2.0,,
9249506,,,,
14285906,2.0,2.0,2.0,3.0
9231506,2.5,3.0,,
9240406,2.5,2.5,,
17204806,4.0,4.0,,
14794106,4.0,4.0,,
12236206,1.5,2.5,,
12234206,2.5,3.0,,2.5
9242006,2.5,3.0,,
9244806,1.0,2.0,,
9982206,2.0,2.5,,
11656906,,4.0,,
9248106,2.0,2.5,,
12236906,,4.0,,
13033506,2.5,3.0,4.0,3.0
9983006,2.0,2.0,,
9983106,2.0,2.5,,
9235406,2.0,2.5,,
9235206,2.5,2.5,,
9242206,1.5,2.0,,
9239106,3.0,3.0,,
9980506,,,,
13036406,4.0,4.0,,
11653306,4.0,4.0,,
18532606,2.0,2.5,,2.5
13501006,2.0,2.5,4.0,2.5
11658606,1.0,2.5,,
14794506,2.0,3.0,2.5,3.0
5686106,,,,
5687006,,,,
5687706,,,,
12343206,,4.0,,
8327506,1.5,2.0,,
9250906,2.0,3.0,,
9237806,1.5,1.5,,
8337806,,4.0,,
13024706,2.0,2.0,1.5,3.0
9231406,2.5,3.0,,
13022306,2.0,2.5,3.0,3.0
11642506,2.0,1.5,,
11659406,3.0,3.0,,
14766006,4.0,3.0,4.0,4.0
18531106,,,,
11652106,2.0,2.5,,
11655206,1.5,2.0,,
16197306,2.5,2.0,1.5,2.5
11651706,1.5,2.5,2.0,1.5
11649006,2.0,3.0,,
11652206,2.0,2.5,2.0,2.0
13021506,1.0,1.5,1.5,1.0
13026706,1.5,3.0,2.0,2.0
13035506,4.0,4.0,,
11649406,,4.0,,
13023506,,,,
11646806,1.5,1.0,,
13016906,1.0,1.5,1.5,2.0
13035306,4.0,3.0,,
13034406,2.5,2.5,2.5,3.0
13027306,3.0,3.0,2.5,3.0
12022106,2.0,4.0,4.0,2.0
14321206,2.0,3.0,1.5,2.0
11643206,1.5,2.0,,
13021406,4.0,4.0,,
11653406,,2.0,,
13028206,2.0,2.0,2.0,2.5
13017706,2.0,2.5,2.0,2.5
13028006,4.0,4.0,,
11643006,1.0,1.0,,
11656806,2.0,3.0,,
15635106,2.5,2.5,1.5,3.0
11650006,1.5,2.0,,
11653206,2.5,1.5,,
13029906,1.0,2.5,1.5,1.5
11655506,1.5,3.0,,
13030206,2.0,2.5,2.5,3.0
13031906,2.0,2.0,2.0,2.0
14273706,2.5,2.5,2.0,2.5
11646206,2.5,2.5,,
11654206,2.0,2.0,,
11650806,1.5,2.0,,
13033806,4.0,4.0,,
13019506,4.0,4.0,2.0,2.5
11642906,1.0,2.5,,
12236706,2.5,2.5,,
11645306,1.5,2.5,,
11654606,2.0,2.5,,
14283506,2.0,2.5,2.5,3.0
15644206,3.0,3.0,2.5,2.0
13028706,2.5,2.5,2.0,1.5
11644906,2.5,2.0,,
11650606,1.5,1.5,,
11658306,1.5,2.5,,
11645506,1.5,2.5,,
11649806,1.0,1.5,,
11651006,2.5,2.5,,
11658006,1.5,2.0,1.5,
13023106,2.5,2.5,2.0,2.5
11644706,1.5,3.0,,
15634106,4.0,4.0,,
13031006,4.0,4.0,,
11645206,2.0,1.5,2.0,2.0
11656706,2.5,2.0,1.0,2.0
11644606,2.0,2.0,,
11645006,2.0,2.0,,
13022506,2.0,2.5,2.0,1.5
13032006,2.5,2.5,2.5,2.5
11646406,,4.0,,
13032606,2.0,2.5,2.0,2.5
14316906,4.0,4.0,,
13020406,1.5,3.0,2.0,2.5
11652906,1.0,2.0,,
14303406,2.5,3.0,1.5,3.0
13500306,2.0,3.0,3.0,3.0
13499406,4.0,4.0,,
14297906,4.0,4.0,,
13019606,2.5,2.0,1.5,2.5
11648506,1.5,2.0,,
12234906,2.0,2.0,,
13023406,,4.0,,
13023706,4.0,4.0,,
12237006,2.0,2.5,,
13499306,4.0,4.0,,
11655906,1.0,1.5,,
11654106,,3.0,,
13017606,2.0,4.0,4.0,3.0
11656506,1.5,2.0,1.5,1.5
12234306,1.0,3.0,,
15644506,3.0,2.0,2.0,2.5
13035606,1.5,2.5,2.0,2.5
13035006,2.0,3.0,3.0,2.0
11658206,1.5,2.0,2.0,1.0
13033206,2.0,2.5,2.0,2.0
13034106,3.0,2.5,1.5,3.0
12235906,,4.0,,
14298506,2.0,2.5,4.0,4.0
13032206,2.5,3.0,2.5,2.5
13026806,2.0,2.5,3.0,2.5
13031206,4.0,4.0,1.5,
13031406,1.5,2.0,1.5,2.5
13501406,4.0,4.0,,
11648406,1.0,2.5,,
11649706,2.0,3.0,,
13034506,2.5,2.0,1.5,2.5
11657906,,4.0,,
14250806,4.0,4.0,,
11651506,,4.0,,
11659006,2.0,3.0,,
11643606,1.5,2.0,,
11655606,,,,
13021306,2.5,2.5,2.0,2.5
11654006,1.5,2.0,,
11647706,,,,
13033606,2.0,2.5,3.0,3.0
11649206,2.0,2.5,,
13499506,1.5,2.0,2.0,2.5
13028606,2.5,2.5,2.0,2.5
11643706,2.0,2.0,,
11657506,2.5,2.0,,
15630406,2.5,2.0,,
11650706,1.5,2.0,,
13498706,1.5,2.5,2.0,2.5
13499006,4.0,4.0,,
11651906,1.0,1.5,,
11645706,3.0,1.5,,
11644506,1.5,2.5,1.5,
11643906,,,,
12235106,1.5,2.0,,
11643106,2.0,1.5,,
11654506,2.0,2.5,,
13026306,4.0,2.5,4.0,4.0
11649606,2.5,2.0,,
14318406,2.0,2.0,4.0,2.0
11645106,1.5,2.5,2.0,
16692406,1.5,2.5,2.0,
11648606,2.0,1.5,,
13017406,2.0,3.0,1.5,2.5
11650106,1.0,1.5,,
11648306,1.5,1.5,,
13498606,4.0,4.0,,
14251106,4.0,4.0,,
13036006,4.0,4.0,,
11643406,1.5,1.0,4.0,2.5
13499706,2.0,1.5,1.5,2.0
13030306,4.0,4.0,,
16692306,2.5,1.5,3.0,2.5
13032406,2.0,2.5,2.0,3.0
13501806,4.0,4.0,,
11654306,1.5,2.5,,
15644306,4.0,4.0,,
16691906,2.5,3.0,,3.0
13035706,4.0,4.0,,
11645806,2.0,2.5,,
14264006,4.0,4.0,,
13017106,2.5,3.0,2.0,2.5
11653506,2.0,2.5,2.0,2.0
14274506,2.5,2.0,3.0,3.0
12236406,2.0,1.5,,
13022206,1.0,2.0,2.0,1.0
11648806,2.0,2.5,,
13030706,2.0,2.5,2.5,2.5
15638206,4.0,4.0,,
11643306,1.5,2.0,,
11659206,2.0,2.0,,
13499806,2.0,2.5,2.0,2.5
13030506,4.0,4.0,,
13025306,1.5,2.0,1.0,1.5
14281906,2.5,3.0,2.0,3.0
12235206,,4.0,,
13021106,2.0,2.5,2.0,2.5
11646306,2.0,2.0,,
12234406,,4.0,,
14287206,4.0,4.0,,
13022706,2.0,2.5,2.0,2.5
16692006,1.5,2.5,2.0,1.5
13027406,1.5,2.5,2.0,1.5
11653706,,2.5,,
13033406,,2.5,,
13499606,1.5,1.5,1.5,1.5
14266406,2.0,2.0,,
11647406,2.0,2.0,,
11654906,1.5,2.0,,
11648106,2.5,2.0,,
11650906,1.0,2.0,,
13027506,1.5,2.0,2.5,2.0
11649306,1.0,1.0,,
11657106,,4.0,,
13502006,4.0,4.0,,
11651306,1.0,1.5,1.0,1.5
13500906,2.0,3.0,1.5,2.5
11647106,2.0,3.0,2.0,
12236106,2.5,3.0,,
15632406,2.5,4.0,,
13033706,2.5,2.5,2.0,2.5
15629206,2.0,3.0,2.5,2.0
14279606,2.0,2.5,2.0,2.5
11646106,2.0,2.0,,
13500606,2.0,2.5,1.5,2.5
13026506,4.0,4.0,,
15634606,4.0,1.5,,
11642406,4.0,1.5,,
11653906,2.0,2.5,,
6458606,2.0,3.0,,
8294606,2.0,2.0,,
8333106,,4.0,,
6822006,,4.0,,
6818306,,,,
13500806,2.0,2.0,1.5,2.0
14260106,,,,
14317006,1.5,1.0,1.0,1.0
6806306,,4.0,,
6807806,,4.0,,
9233906,2.5,2.5,,
6809206,4.0,2.5,,
6810006,,,,
6810306,,,,
6810806,,2.5,,
6812506,2.0,2.5,,
6813106,,4.0,,
6813206,,4.0,,
6814706,2.0,3.0,,
6814806,,,,
6814906,2.0,2.5,,
13500106,2.0,2.5,,
11652806,,4.0,,
6816206,4.0,4.0,,
8327906,,3.0,,
6816406,,4.0,,
6819106,2.0,2.5,,
6822106,,4.0,,
6822906,,4.0,,
6854506,,4.0,,
11656606,2.0,2.5,,2.5
15637906,4.0,4.0,,
13033106,4.0,4.0,,
13024106,4.0,4.0,,
13024206,2.0,3.0,2.0,2.0
13021006,,,,
15625306,,4.0,,
11653606,1.0,1.5,,
13019206,2.0,2.0,2.5,2.5
11657406,1.5,1.5,,
13502806,2.0,2.5,4.0,4.0
11650506,2.0,2.5,,
13036906,2.0,3.0,1.5,
13029806,1.0,2.5,,
13032806,2.0,2.0,1.0,2.5
7148106,2.5,3.0,,
13498506,1.5,2.5,2.0,2.0
13031106,2.0,3.0,2.0,2.0
16697306,,,,
14288506,2.0,1.0,1.5,2.5
17893006,2.0,1.0,1.5,2.5
14312806,3.0,2.0,2.0,3.0
15644606,2.0,4.0,,
16689606,2.0,2.5,2.5,2.0
13023906,1.5,2.0,1.0,1.0
13017806,1.0,1.5,1.5,1.5
13021806,2.5,2.0,1.5,2.0
13498406,2.5,2.5,1.5,3.0
13023006,2.0,2.5,1.5,2.5
13030606,2.5,2.5,2.0,2.5
14246506,2.0,2.0,1.5,2.5
14246706,2.0,1.5,1.5,2.5
13023806,1.5,3.0,1.5,2.5
13019906,2.0,3.0,1.5,2.0
14248606,1.5,2.0,2.0,2.5
14248806,4.0,4.0,,
15631006,4.0,4.0,,
13032706,1.0,1.0,1.0,1.0
13018006,2.0,2.5,2.0,2.5
13031706,2.0,2.5,2.0,2.5
13020906,1.5,2.0,1.5,2.5
13018906,2.0,3.0,2.0,3.0
13022406,1.0,1.0,1.0,1.0
13025106,2.0,2.5,1.5,2.5
13034206,1.5,2.0,2.0,2.5
13028806,1.5,2.0,1.5,1.5
13031806,1.5,2.0,1.0,1.5
13020306,1.5,2.0,1.5,2.5
14256506,1.5,1.5,1.5,2.0
13034306,2.0,2.5,2.0,2.5
15710506,2.5,2.0,2.0,3.0
14257906,2.0,2.5,1.5,3.0
16693706,2.5,2.0,3.0,2.0
15630006,4.0,4.0,,
13026906,1.5,2.0,2.0,2.0
14260806,1.5,1.0,1.0,1.5
13018506,1.5,1.5,1.0,1.5
13026606,2.0,2.5,2.0,2.0
13017306,1.0,1.5,1.5,2.0
13022106,1.5,2.5,2.0,2.0
15630206,4.0,4.0,,
13020706,1.5,2.5,4.0,4.0
15639106,3.0,2.5,2.5,3.0
14793206,4.0,4.0,,
13025206,2.0,2.5,1.5,1.5
13019406,1.5,2.0,2.0,2.0
13029606,2.0,2.0,1.5,2.0
13499206,1.5,2.0,1.5,1.5
13022606,1.0,1.5,1.5,1.0
13036106,3.0,3.0,2.5,2.5
18531006,,,,
13018806,2.0,1.0,1.5,1.5
14271206,2.5,2.0,2.0,3.0
13036606,1.5,3.0,1.5,2.5
13024406,2.5,2.0,1.5,2.5
13021706,2.5,3.0,2.5,3.0
13036206,2.5,3.0,2.0,2.5
13020606,2.0,2.0,1.5,1.5
14274706,1.0,2.5,2.0,2.0
13023606,2.0,3.0,1.5,3.0
14275806,1.5,1.0,1.5,2.5
14276106,2.5,2.0,1.5,3.0
14276906,4.0,4.0,,
13017006,1.5,2.0,1.5,2.0
13502606,1.5,2.0,1.5,1.5
13018406,2.0,2.0,1.5,1.5
13029006,1.5,2.5,2.0,2.0
15636606,4.0,4.0,,
13022906,2.0,3.0,1.5,2.5
13020106,2.5,2.5,1.5,2.0
15636506,3.0,3.0,2.0,3.0
16697006,4.0,4.0,,
16858906,4.0,4.0,,
15635906,4.0,4.0,,
14793606,,,,
15641906,2.5,3.0,1.5,3.0
13027006,,,,
14282506,1.5,3.0,1.5,3.0
13018106,2.5,3.0,2.0,3.0
14282806,2.5,2.5,2.0,3.0
14283106,2.0,2.0,1.5,1.5
13500206,2.0,2.0,2.0,2.0
13018306,4.0,2.0,4.0,4.0
14284506,4.0,4.0,,
13025006,1.5,2.5,1.5,2.5
13024506,1.5,2.0,2.5,2.5
13033306,2.0,2.5,2.0,2.5
13028406,1.5,1.5,1.5,2.5
14793806,1.5,4.0,,
15638506,1.5,2.5,1.5,2.5
13027206,2.5,2.5,2.0,2.5
15643306,4.0,4.0,,
16697606,4.0,4.0,,
13029706,2.0,3.0,2.0,2.0
13027806,1.0,2.5,1.5,2.0
11653006,1.5,1.0,,
14794006,4.0,4.0,,
13021606,1.5,1.5,1.0,1.5
15644806,3.0,2.0,2.5,2.5
15637406,4.0,4.0,,
13032106,2.0,2.5,2.0,2.0
13020506,1.5,2.0,2.5,2.5
14292106,2.5,2.5,4.0,3.0
13028906,1.5,2.5,1.5,3.0
16699106,4.0,4.0,,
13031506,2.0,2.5,1.5,2.0
14294606,4.0,4.0,,
13031606,2.0,3.0,2.0,2.0
13025706,2.0,2.5,1.5,3.0
13019106,1.0,2.5,1.5,1.0
13024906,2.5,3.0,1.5,3.0
15630706,4.0,4.0,,
13021906,2.5,2.5,2.0,1.5
13019806,1.5,2.5,2.0,2.5
17204006,2.5,4.0,2.5,
15635806,2.0,4.0,4.0,4.0
13027906,2.5,2.5,1.5,2.0
16792806,2.0,1.5,,
14301006,2.0,1.5,4.0,4.0
13025806,1.0,1.0,1.0,1.5
13020806,1.0,1.5,1.5,1.5
13028106,2.0,2.5,2.0,2.0
13032906,1.5,3.0,2.0,2.0
13023206,1.5,2.0,1.5,2.0
13019006,1.5,1.5,1.5,1.0
14303806,2.5,2.5,1.5,
13022006,1.0,1.5,1.5,2.0
15634506,3.0,2.5,1.5,2.5
17203906,4.0,4.0,,
14794906,4.0,4.0,,
16197706,4.0,4.0,,
14308706,1.5,2.5,2.5,3.0
14795006,1.5,3.0,2.0,2.5
13022806,1.0,2.0,1.5,2.5
13018706,2.5,2.5,2.0,2.5
14310406,2.5,2.5,2.0,2.5
13501606,2.0,2.5,2.0,2.5
18533406,,,,
13501706,2.0,3.0,2.0,2.0
13024606,1.0,1.5,1.0,1.0
14315106,2.0,2.5,1.5,2.5
13032506,1.5,2.5,1.5,2.0
15628006,,1.5,1.5,
14795306,4.0,4.0,,
18533706,2.0,,2.0,
13036306,2.0,3.0,2.0,3.0
15637606,2.5,4.0,,
14317306,2.5,4.0,,
14317406,2.5,2.5,4.0,4.0
14319106,2.0,2.0,1.5,2.5
14319406,2.0,2.0,1.5,2.5
13029106,2.0,2.5,1.0,2.5
15636106,2.0,2.0,1.5,3.0
13026006,2.0,2.0,1.5,2.0
13024006,1.5,2.0,1.5,1.0
17894706,,2.0,2.5,
16197006,3.0,1.5,2.0,
15628306,4.0,2.0,,
14249906,1.5,2.5,1.0,2.5
15631406,4.0,4.0,,
8325406,,4.0,,
8332106,,4.0,,
8334106,1.5,3.0,,
8334906,,4.0,,
8335706,,4.0,,
8335806,,4.0,,
8339606,1.5,1.5,,
8339806,,4.0,,
8340706,2.5,3.0,,
9248606,,4.0,,
8342106,,4.0,,
8342306,2.0,2.5,,
8343006,,4.0,,
8343706,,4.0,,
8344606,,4.0,,
8345506,,4.0,,
8346406,2.5,3.0,,
8346506,,4.0,,
8374006,,4.0,,
8374206,3.0,3.0,,
8374506,,4.0,,
14290906,4.0,4.0,,
14793006,3.0,2.0,1.5,3.0
15630306,3.0,2.0,2.5,2.5
14244706,2.5,2.5,1.5,2.5
14794206,2.0,2.5,2.0,2.5
14793506,1.0,1.5,1.5,1.5
14245306,1.5,2.5,2.0,3.0
16690206,1.5,2.0,2.5,3.0
13025606,2.5,2.5,2.0,2.0
13025506,1.0,2.0,1.0,1.5
14306606,,,,
14293806,1.5,3.0,1.5,3.0
13029506,1.5,2.0,2.0,1.5
13020206,1.5,1.5,2.0,1.5
14294506,2.5,2.0,2.0,3.0
15634206,2.5,2.0,1.5,3.0
17205506,2.5,1.0,2.0,2.0
9252006,,,,
14304806,,,,
16198306,4.0,4.0,,
14281706,2.0,1.5,1.5,1.5
14261606,1.0,1.5,1.5,2.5
14261006,4.0,4.0,,
14242506,3.0,2.0,2.0,3.0
14306006,2.0,1.5,1.5,2.0
14318506,1.5,1.0,1.5,2.0
15637006,2.5,2.0,2.0,2.5
14311206,,,,
14276006,1.0,1.5,1.5,1.5
15635206,2.5,2.0,2.0,3.0
14279206,1.5,1.0,1.5,2.0
14319506,4.0,4.0,,
16693606,4.0,4.0,,
16690506,4.0,2.0,2.5,2.0
14260906,1.5,2.0,1.5,1.5
14256006,2.5,2.5,1.5,2.5
15626006,,2.0,1.0,
15628906,,,4.0,4.0
16694706,4.0,4.0,,
14793906,1.5,2.5,1.5,2.5
14253006,2.0,2.0,1.5,2.0
14248506,2.5,3.0,2.0,3.0
14300506,2.0,2.5,2.0,2.5
14244406,1.5,2.0,1.5,2.5
17899006,,,,
14299706,1.0,1.0,1.5,1.5
14794306,2.5,2.5,2.0,2.5
14240706,2.0,2.5,2.0,2.5
16689906,4.0,4.0,,
18529206,,,,
14258706,2.0,3.0,2.0,2.5
14793106,1.0,1.5,1.5,1.5
14266506,1.5,1.5,1.5,2.0
14297206,2.0,1.5,2.0,3.0
14793706,2.0,1.5,1.5,2.5
17885406,,,,
15635406,1.5,3.0,1.5,3.0
14302706,,,1.5,2.0
14255206,2.0,2.0,2.0,2.5
15627606,3.0,2.5,2.0,3.0
15644006,2.5,2.5,2.0,2.5
15633506,2.0,2.0,1.5,2.0
16691006,4.0,4.0,,
14294306,1.0,1.5,1.5,2.0
14319006,3.0,3.0,2.0,3.0
14285606,2.0,1.5,2.0,2.0
14310506,1.0,2.0,1.5,2.0
15631206,2.0,2.0,1.0,2.0
14317706,,,,
14249606,1.5,1.5,1.5,2.5
14277406,1.5,1.0,1.5,1.5
15632906,2.5,2.5,2.0,2.5
16690906,2.5,4.0,3.0,1.5
14246406,2.0,2.0,2.0,2.5
14247506,2.0,2.0,1.5,1.5
14304706,4.0,4.0,,
15636406,4.0,4.0,,
14294106,2.0,2.0,1.5,2.5
15644906,4.0,4.0,,
14284006,1.0,2.5,1.5,1.5
14311806,1.0,1.0,1.5,1.0
15636306,2.5,2.0,2.0,2.5
14252806,1.5,2.0,2.0,2.5
14242006,1.5,1.5,1.5,1.5
17206106,1.0,1.5,1.5,1.0
14308806,1.0,1.5,1.5,1.0
14280506,2.5,2.5,2.0,2.5
14310106,2.0,2.0,1.5,2.5
15637306,2.5,2.0,2.5,3.0
14280106,1.0,1.5,1.5,1.0
14795406,2.0,2.0,1.5,2.5
15635706,2.0,2.5,2.0,
15643906,2.0,2.5,1.5,2.5
18532506,,,,
16699006,4.0,4.0,,
14302006,1.0,2.5,1.5,2.0
15628706,4.0,4.0,,
16197806,2.0,2.0,2.0,2.0
14256906,,,4.0,
14280206,2.0,2.5,2.0,3.0
14301606,1.0,1.5,1.0,1.0
15642806,2.5,3.0,2.0,3.0
14794706,2.5,2.5,2.0,2.5
14295106,2.0,2.0,1.5,2.5
16698806,4.0,4.0,,
15626706,,4.0,,
14252506,2.0,3.0,1.5,2.0
14315606,1.5,1.5,2.0,2.0
16198506,2.5,2.5,2.0,2.5
14320706,1.5,2.5,2.0,2.0
14313306,1.5,2.5,1.5,2.0
15625606,,2.5,2.0,
15641406,3.0,2.0,1.5,2.5
15635506,4.0,4.0,,
15639306,2.0,3.0,2.0,2.5
14300906,1.5,1.5,1.0,1.5
15641806,4.0,2.5,,
15633406,,,,
15628206,2.5,2.0,2.5,2.5
15627806,2.5,2.5,1.5,2.5
14242206,2.5,2.5,1.5,2.5
14309106,1.5,2.5,1.5,2.5
15638106,2.5,2.5,2.0,2.5
14303506,1.5,2.0,1.5,1.5
16697106,1.5,1.5,1.0,1.5
15629006,2.5,2.0,2.0,3.0
14299206,2.5,2.5,2.0,2.5
15642106,4.0,2.5,4.0,3.0
14259906,1.5,2.5,1.5,2.5
15635606,2.5,2.5,2.0,
15643406,2.5,2.5,2.0,2.5
15636206,3.0,2.5,2.0,3.0
18395106,3.0,2.5,2.0,3.0
15637106,4.0,4.0,,
16696306,4.0,4.0,,
18531406,,,2.5,2.0
17205106,4.0,4.0,,
16701906,4.0,1.0,1.5,2.0
14286606,3.0,2.0,1.5,2.5
15642906,2.5,2.5,1.5,2.0
15632206,2.0,2.5,1.5,3.0
14299306,2.0,2.0,2.0,2.0
16700006,3.0,3.0,2.5,2.0
15634806,3.0,2.5,2.0,2.5
15643806,2.0,2.5,4.0,3.0
14245006,1.5,2.0,1.5,2.0
14271606,2.0,2.5,1.5,2.0
14287406,2.0,2.5,2.0,2.5
15635306,3.0,2.5,2.0,2.5
16197606,2.5,2.0,2.0,1.5
14298706,1.0,1.0,2.0,1.0
16702306,3.0,4.0,2.5,2.0
15637206,3.0,2.5,4.0,3.0
15633806,1.5,1.5,1.5,1.5
15643106,2.5,3.0,2.5,2.5
15637506,2.0,2.5,2.0,3.0
15643206,4.0,4.0,,
17204906,3.0,3.0,2.5,2.5
14280906,1.5,2.0,1.0,2.5
14244906,2.0,2.0,1.5,2.0
16198106,3.0,3.0,2.5,2.5
16696906,4.0,4.0,3.0,2.0
14296706,2.0,1.5,1.5,2.0
9235006,1.5,2.5,,
9237306,,4.0,,
9238206,,,,
9244106,,4.0,,
9244406,1.5,1.0,,
9245106,,,,
9245406,1.5,2.0,,
9246906,2.5,2.5,,
9252106,2.5,2.0,,
9252406,,4.0,,
15629106,2.5,1.5,2.0,3.0
16702106,4.0,,,
16695506,2.5,4.0,2.5,2.5
14948006,4.0,4.0,,
15639706,3.0,2.5,2.0,3.0
14248206,4.0,4.0,,
14275606,1.5,2.0,2.0,2.5
14288006,1.0,2.0,4.0,1.0
17204106,1.0,2.0,,1.0
16196806,2.5,2.0,2.0,3.0
14254406,2.0,2.5,2.5,2.5
15625806,,1.5,1.5,
17206006,4.0,4.0,,
15631106,,2.0,2.5,
14250506,1.5,2.5,1.5,2.0
15639906,2.5,2.0,2.0,2.5
15643606,,,,
15627706,2.5,2.0,2.0,2.0
15637806,3.0,2.5,2.0,2.5
16198206,4.0,4.0,,
14300706,2.0,2.0,2.0,2.0
15642606,3.0,2.5,2.0,3.0
17894406,,,,
9978706,2.0,3.0,,
10010406,2.0,2.0,,
17893906,,,,
15633906,3.0,2.0,2.0,3.0
16692706,2.5,2.0,2.0,2.0
15689606,4.0,4.0,,
17891806,,,,
11655006,,4.0,,
13026406,4.0,4.0,,
14794406,4.0,4.0,,
16701106,4.0,4.0,,
15636706,2.5,1.5,1.5,1.5
12235306,,4.0,,
15631906,4.0,4.0,,
11657206,,4.0,,
15625506,,4.0,,
16198606,3.0,3.0,2.0,3.0
15629906,2.0,2.5,1.5,2.5
13025906,2.5,2.5,2.0,3.0
12233806,2.5,3.0,2.0,3.0
15625906,,2.0,2.0,
15639806,2.5,2.5,2.0,3.0
15638906,2.5,1.5,2.5,3.0
16693106,2.0,4.0,2.0,2.0
17890206,,,,
15625406,,4.0,,
11648206,4.0,3.0,,
11657706,,2.5,,
13023306,4.0,4.0,,
15641106,2.5,1.5,1.5,2.5
16689406,,4.0,1.5,
17898306,,,,
16703006,4.0,4.0,,
18532806,,,,
15632306,2.5,2.5,2.0,2.0
18529806,2.0,2.0,1.5,2.0
15631506,,,4.0,2.0
12235506,2.0,2.5,,
13026106,4.0,4.0,,
12235406,,4.0,,
17206406,4.0,4.0,,
17899406,,,,
18531206,,,,
17895406,2.5,,,
16700506,2.5,4.0,,
15631706,2.5,3.0,2.5,2.5
16689806,4.0,4.0,,
18530606,2.0,,1.5,
12236306,,4.0,,
13026206,4.0,4.0,,
17893206,,,,
11644006,,4.0,,
13021206,2.5,2.5,3.0,2.5
15645006,2.5,2.5,3.0,2.5
15632506,2.0,1.5,1.5,1.5
15626306,,4.0,,
15640906,2.0,3.0,2.5,2.0
16698606,4.0,2.5,,
18532306,,2.5,2.0,2.5
15634706,4.0,2.5,,
16688106,,4.0,,
15642006,4.0,4.0,,
13502706,2.0,2.5,2.0,3.0
15642206,2.5,3.0,2.0,3.0
16703906,4.0,4.0,,
15630606,2.5,2.5,4.0,2.5
15636906,2.5,2.5,2.0,3.0
11651406,,4.0,,
11650206,,4.0,,
11642606,,4.0,,
11648906,,4.0,,
11659106,1.0,1.0,,
11658506,2.0,2.5,,1.5
15639006,3.0,2.5,3.0,2.5
16197506,4.0,4.0,,
15634006,3.0,2.0,2.0,2.5
15626806,4.0,4.0,,
15627106,2.0,2.0,1.5,2.5
15626906,4.0,4.0,,
15639506,3.0,2.5,1.5,3.0
16693006,4.0,4.0,,
16694006,1.5,2.0,1.5,2.5
17206706,,4.0,2.0,
16689306,,4.0,,
17890906,,,,
15641206,2.5,2.5,1.0,2.5
15641306,2.5,3.0,2.0,3.0
15626606,,2.0,2.5,
15629806,2.0,1.5,2.0,2.0
15626106,,1.0,1.0,
17885106,,,,
15632606,,,,
15641506,2.0,2.5,2.0,2.0
16695706,2.5,4.0,2.0,2.5
16198806,,2.0,2.0,
15640806,2.5,2.0,1.5,2.5
15629506,2.0,2.0,1.5,1.5
16701806,4.0,1.5,2.0,4.0
17205006,1.5,1.0,1.5,1.0
17895206,,,,
16700106,4.0,4.0,,
15633006,1.5,1.5,2.0,2.5
16695106,2.5,4.0,2.0,2.0
15636806,,,,
17885706,,,,
15631606,1.5,1.0,1.5,2.0
17205906,2.0,4.0,3.0,3.0
15640706,2.0,2.0,2.0,2.5
15631306,3.0,2.5,2.0,2.5
15633306,1.5,3.0,1.5,2.5
15643706,3.0,2.0,2.5,3.0
15640406,1.5,2.5,1.0,2.0
16689006,,4.0,,
17895706,,,,
16700806,3.0,4.0,,
17204406,4.0,4.0,,
15639206,3.0,3.0,2.0,2.5
17899506,,,,
16689206,,1.5,,
15626206,,1.0,1.0,
15632106,2.0,2.0,1.5,2.5
15638406,2.5,2.5,2.5,3.0
16690806,1.5,4.0,,
15627406,4.0,4.0,,
16196606,4.0,4.0,,
18395406,3.0,2.0,3.0,
16701206,3.0,2.0,3.0,
16698906,,,,1.5
15626406,,1.0,1.5,
15640006,2.5,2.0,1.5,2.5
15641006,2.5,1.5,1.5,2.5
16698106,2.0,3.0,2.5,2.5
15642306,2.5,2.0,1.5,3.0
15630506,2.0,1.0,1.5,2.5
15627506,1.5,2.0,2.0,2.0
16688406,,2.0,3.0,
15633106,1.5,2.0,1.5,1.5
15634306,2.0,1.5,1.5,1.5
15625706,,,,
16691806,4.0,2.5,2.5,2.5
15631806,3.0,3.0,2.0,2.0
17885006,,,,
17885606,,,,
15632006,3.0,2.5,2.0,3.0
15638806,2.5,2.5,2.5,3.0
15637706,2.0,2.5,3.0,3.0
15634406,2.0,1.5,2.5,1.5
16696406,4.0,4.0,,
16702206,4.0,4.0,,
15642406,1.0,2.0,2.0,2.0
15644406,2.0,4.0,2.0,3.0
18530006,2.0,,2.0,2.5
15628606,2.5,1.5,1.5,3.0
15628806,,2.5,2.5,
17885206,,,,
16690706,4.0,4.0,,
16688906,,4.0,1.5,
16198906,,2.0,2.5,
16690406,2.0,4.0,2.0,3.0
16694806,1.5,2.0,2.5,2.0
17897006,,,,
15632806,2.5,2.0,1.5,2.0
15627906,2.5,2.5,2.0,3.0
15638306,2.5,2.5,2.0,2.0
15643006,2.0,2.0,2.0,2.5
16701306,2.0,4.0,,4.0
15627006,3.0,2.5,2.0,3.0
15630806,2.0,2.0,1.5,2.5
15638006,2.5,2.5,2.0,2.5
17894006,,,,
15641706,1.5,2.0,1.5,1.0
15629606,2.0,2.5,2.0,3.0
17899606,,,,2.5
15635006,1.5,2.5,1.5,3.0
17889406,,2.5,,
15639406,2.0,2.0,1.5,2.5
15640506,1.5,2.5,1.0,2.0
15629706,2.5,2.5,2.0,3.0
15642706,2.0,2.0,1.5,2.5
15629406,4.0,4.0,,
16703506,,,,
16689106,,2.0,2.0,
15633606,1.5,1.5,1.5,1.5
16690606,4.0,4.0,,
15628506,4.0,4.0,,
15640206,3.0,2.0,2.0,3.0
15640306,2.5,2.5,1.5,2.5
16197206,2.5,2.0,2.0,2.5
15638706,2.0,1.5,2.0,2.0
16702806,4.0,1.5,3.0,
16691506,4.0,2.0,3.0,2.5
15634906,2.5,3.0,1.5,3.0
16693906,1.5,2.0,2.0,2.0
16196906,,,,
15632706,1.5,1.0,1.5,1.5
16701406,2.0,2.0,2.5,2.5
15639606,2.5,2.5,2.5,3.0
16694606,4.0,4.0,,
15633706,2.0,2.0,1.5,1.0
15640606,2.5,1.5,2.0,2.5
18533306,,,,
16702006,2.5,4.0,2.5,2.5
16198006,4.0,4.0,,
16196706,2.0,2.5,2.5,2.5
15626506,,2.0,1.5,
15628106,2.0,2.0,2.0,1.5
15627306,4.0,4.0,,
16697206,3.0,2.0,2.0,2.0
12236006,,4.0,,
12233706,1.5,1.5,,
12234506,2.0,3.0,,
12234606,3.0,2.5,,
17898406,,,,
18530906,,,,
13017906,2.5,2.5,2.0,2.0
13498906,2.0,2.5,4.0,3.0
17206306,1.5,,,
13500406,4.0,4.0,,
13036506,4.0,4.0,,
16703206,2.0,2.0,1.5,2.0
16702906,2.0,4.0,2.5,3.0
18683106,2.0,,2.5,3.0
16700306,1.5,1.5,1.0,2.0
17897506,,,,
17889106,,,,
16691206,2.5,2.0,2.0,1.5
16691106,2.5,3.0,3.0,2.0
16698306,,,1.5,2.0
17899306,,,,
16692106,2.0,1.5,1.5,1.5
17891006,,,,
17205806,2.0,4.0,1.5,2.0
16688706,,1.0,1.0,
17892106,,,,
16694406,,,1.5,1.0
16701706,2.5,2.5,1.5,1.5
17884806,,,,
16703106,2.5,3.0,2.5,2.0
16697806,1.5,1.5,2.5,1.0
16703406,,,,
17889206,,,,
17898106,,,,
16692906,1.0,2.0,2.0,2.0
16701506,1.5,1.5,2.0,2.0
16699406,2.0,2.5,2.0,2.0
17887706,,,,
16693506,4.0,4.0,,
16687906,,1.0,1.0,
16700906,3.0,2.5,2.0,2.5
17897806,,,,
16695606,,,1.0,1.0
17894506,,,,
18647106,,,,
16688006,,2.0,2.0,
18533006,,,,
16697406,1.5,3.0,4.0,4.0
17889506,,,,
17897906,,,,
16688506,,1.0,1.5,
17888406,,,,
17886906,,,,
16694906,1.5,1.5,2.0,1.5
17884106,,,,
17891306,,,,
16697706,,,,
16699306,1.0,1.5,2.0,1.0
16700406,2.0,2.0,2.5,1.0
16703306,2.0,2.0,,
16696706,3.0,4.0,3.0,4.0
16695406,,,2.5,1.5
17205306,1.0,1.0,2.0,2.0
17204506,2.0,1.0,1.5,1.5
16700606,1.5,1.0,1.0,1.0
17206806,,1.0,1.5,
17204706,2.0,1.5,1.5,1.5
16690306,4.0,,,
17893606,,,,
16697906,3.0,2.5,1.5,2.0
16693306,2.0,2.0,,2.0
18395506,,,2.0,2.0
16703806,,,2.0,2.0
16695006,1.5,2.5,2.0,1.5
17886506,,,,
17899106,,,,
16690106,1.5,1.5,2.0,1.5
16695806,1.0,1.0,1.5,1.0
16688606,,4.0,2.5,
16698406,,,2.5,
18395206,,,2.5,
18533606,,,,
16693806,2.0,2.0,1.5,2.0
16692206,1.5,2.5,3.0,2.0
17896206,,,,
17892706,,,,
16691306,2.5,4.0,2.0,2.5
17888006,,,,
16696006,2.0,1.5,2.5,2.0
18531506,,,,
17887906,,,,
18333606,,,,
17895606,,1.5,,
16692606,1.5,2.5,,
17892206,,,1.5,1.5
16694206,2.0,2.0,2.5,1.5
16688206,,1.5,1.5,
16691406,4.0,1.5,2.0,2.0
18533506,,,,
16695906,1.0,1.0,1.0,1.0
16698706,,,2.0,2.0
17894306,,,,
17892906,,,,
16701606,2.0,4.0,2.0,2.0
17895006,,,,
17887806,,,,
16689706,1.0,2.0,1.5,1.5
18530206,,,,
17206206,3.0,4.0,2.0,2.5
16696206,3.0,4.0,3.0,2.5
17894806,,,,
16704006,2.5,1.5,2.0,1.5
17893306,,,,
16695306,2.5,2.5,2.5,1.5
17898006,,,,
18533106,,,,
17884206,1.5,,,
17897206,,,,
17896706,,,,
16699906,2.0,3.0,2.5,2.0
17884906,,,,
16694306,1.0,1.5,2.5,1.5
16703706,1.5,1.5,1.5,1.0
16692506,,,,
16702606,1.5,1.5,2.0,1.5
17204606,2.5,4.0,2.5,2.0
17892406,,,,
16699806,,,2.0,1.5
17892306,,,,
17206506,2.0,2.5,2.5,3.0
18532206,,,,
17886006,,,,
17886606,,,,
17888306,,,,
18530406,,,,
13029306,,4.0,,
16688306,,3.0,2.5,
16694506,1.5,2.0,2.5,2.0
17204306,1.0,1.5,2.0,2.0
17889906,,,,
18531306,,2.5,,2.5
17893506,,,,
17891506,,,,
16699206,2.0,1.5,1.5,1.0
17896306,,,,
16699606,2.0,2.0,2.0,1.5
16696806,3.0,1.5,2.0,2.5
17891606,,,,
16700206,4.0,4.0,,
18531606,3.0,,,
16699506,2.0,1.5,1.0,1.5
17892606,,,,
16701006,4.0,4.0,,
17896106,,,,
16699706,2.5,1.5,2.5,2.5
16696506,2.0,1.0,1.5,1.5
16702706,2.0,1.0,1.0,1.5
17897706,,,,
18529606,,,,
14277806,2.0,2.0,1.5,2.5
13498806,1.5,2.5,1.5,2.5
13501506,4.0,4.0,,
13501906,2.5,4.0,4.0,4.0
14795206,2.5,2.5,2.0,3.0
13502206,4.0,4.0,,
13502306,3.0,3.0,1.5,3.0
13502406,2.5,4.0,,
14269306,2.5,4.0,4.0,4.0
13502506,2.0,2.5,2.0,2.5
17894206,,,,
18395306,,,1.5,2.0
16700706,,,1.5,2.0
18530106,,,,
18530306,,,,
17893106,,,,
17891906,,,,
16691706,2.0,1.5,1.5,2.5
16696106,4.0,3.0,4.0,4.0
16697506,2.5,2.5,2.5,4.0
17885506,,,,
17887406,,,,
16696606,3.0,3.0,2.0,1.5
17897606,,,,
17896506,,,,
17885806,,,,
17884406,,,,
17894906,,,,
17889606,,,,
17893706,,,,
17887606,,,,
17891106,,,,
18531706,,,,
17898506,,,,
17890506,,,,
17887106,,,,
17887006,,,,
14265306,2.0,2.0,1.5,3.0
17897306,,,,
17888706,,,,
17890706,,,,
17885306,,,,
17896606,,,,
17889806,,,,
17888206,,,,
17898706,,,,
17898806,,,,
17896006,,,,
17893806,,,,
17897406,,,,
17890106,,,,
17894606,,,,
18532106,,,,
17888106,,,,
17897106,,,,
17887206,,,,
17896806,,,,
17891706,,,,
14283206,2.0,2.5,2.5,3.0
18532706,,,,
17890806,,,,
14264106,2.0,2.0,1.5,2.5
18531906,,,,
18532006,,,,
17892006,,,,
17896406,,,,
17888806,,,,
18529506,,,,
17886406,,,,
17889306,,,,
17888906,,,,
17899706,,,,
17895306,,,,
17887306,,,,
18530706,,,,
17890306,,,,
18532406,,,,
17891206,,,,
18529906,,,,
17886306,,,,
17899206,,,,
14297806,1.5,3.0,1.5,2.5
17884506,,,,
17884606,,,,
17884706,,,,
17886206,,,,
17886806,,,,
17888606,,,,
17889006,,,,
17889706,,,,
17890006,,,,
17890406,,,,
17890606,,,,
14276606,4.0,4.0,,
17892506,,,,
14285106,2.0,2.5,1.5,3.0
17892806,,,,
17894106,,,,
14297306,,,,
17895106,,,,
14309306,2.0,2.0,1.5,3.0
17895906,,,,
18533806,,,,
17896906,,,,
17898906,,,,
17895506,,,,
17895806,,,,
17898606,,,,
15642506,2.5,3.0,2.0,3.0
14792606,2.5,2.0,2.0,2.0
14795106,2.0,2.0,2.0,2.0
14792806,2.5,3.0,2.0,3.0
17898206,,,,
17886106,,,,
18530806,,,,
17888506,,,,
18529706,,,,
18531806,,,,
17886706,,,,
15627206,4.0,4.0,,
15630106,2.5,2.0,1.0,1.5
16702506,2.5,3.0,1.5,2.0
16198706,2.5,3.0,2.0,2.5
16198406,1.5,1.5,2.0,2.5
16203206,4.0,4.0,,
16702406,2.0,1.5,1.5,1.5
16690006,4.0,4.0,,
16692806,2.5,4.0,3.0,1.5
16703606,4.0,4.0,,
17205406,4.0,4.0,,
17206606,,4.0,,
17206906,2.0,4.0,2.5,2.0
17212606,1.5,4.0,2.5,2.0
18532906,,,,
17887506,,,,
17891406,,,,
18530506,,,,
18529406,,,,
18533206,,,,
18529306,,,,
18578706,,,,
13031306,4.0,2.5,4.0,
6813506,4.0,2.5,,
3696506,,,,
5421106,,4.0,,
8335306,4.0,4.0,,
4095906,2.5,3.0,,
3695506,2.0,2.5,,
4013506,4.0,2.5,,
8346106,,4.0,,
8323706,2.5,3.0,,
4014906,,,,
4010206,,,,
6813406,,4.0,,
4016606,2.5,3.0,,
6819206,4.0,3.0,,
4014406,,3.0,,
11655106,2.0,2.0,,
3695006,1.5,3.0,,
3686706,2.5,4.0,,
3696606,1.5,2.0,,
6822706,,4.0,,
4227306,4.0,2.5,,
11655706,2.5,2.5,,
6819406,2.5,2.5,,
6818406,4.0,4.0,,
9982006,2.0,3.0,,
4016006,,,,
4500006,1.0,1.5,,
6807606,3.0,2.5,,
11655806,1.0,2.5,,
13028506,4.0,1.5,,
6810906,4.0,1.5,,
4011206,,,,
4014006,2.5,3.0,,
4015706,,,,
6818906,,4.0,,
3691606,1.5,2.0,,
4016806,3.0,3.0,,
3685306,,,,
4013906,1.5,3.0,,
9250806,1.5,3.0,,
4017906,2.5,3.0,,
5686706,2.0,3.0,,
3685506,3.0,2.5,,
4011606,,,,
4011806,,,,
8324506,,4.0,,
4012306,,4.0,,
4012806,,,,
5408306,1.5,2.5,,
3687906,2.5,3.0,,
4018006,,4.0,,
4017606,2.5,2.5,,
14265806,4.0,4.0,,
5688506,,2.0,,
4011706,,4.0,,
9982806,2.0,2.5,,
4016706,2.0,2.5,,
12234806,,4.0,,
11652306,2.5,2.5,,
5410406,2.5,2.5,,
4014206,2.0,1.5,,
4279106,2.5,3.0,,
4228306,4.0,2.5,,
8328606,4.0,2.5,,
6808006,4.0,3.0,,
3696806,2.0,1.5,,
5404906,,4.0,,
4015406,3.0,3.0,,
3692706,1.5,3.0,,
4017806,1.5,2.0,,
5413306,,2.5,,
4017106,2.5,3.0,,
5414406,,1.0,,
6811306,1.5,2.5,,
3295206,,1.0,,
4017206,2.0,4.0,,
4009606,3.0,3.0,,
4016306,3.0,3.0,,
3682906,1.5,2.5,,
4012606,,,,
17884306,2.0,2.5,2.0,2.5
9245706,,4.0,,
4009806,,,,
3695106,,,,
9980106,4.0,2.5,,
4012706,,,,
5407206,4.0,2.5,,
4095706,1.5,3.0,,
3684306,,,,
4010406,3.0,2.5,,
6808106,2.5,3.0,,
3689706,,,,
5406906,,,,
9982606,4.0,1.5,,
3690406,3.0,1.5,,
5404706,,,,
3692806,,,,
4016206,,,,
4012506,4.0,4.0,,
4015506,2.5,3.0,,
4013206,,,,
3693606,3.0,3.0,,
3696106,4.0,2.5,,
3687106,2.0,2.5,,
5403006,1.5,2.5,,
3691806,2.0,1.5,,
5405106,,,,
3691906,,,,
4288606,,,,
3686406,2.0,2.5,,
4015306,4.0,3.0,,
8344006,2.0,2.0,,
3695906,4.0,3.0,,
4013006,2.5,3.0,,
4011506,,,,
3692906,1.5,3.0,,
3683206,,4.0,,
3685806,1.5,3.0,,
3690806,3.0,3.0,,
4019206,4.0,2.5,,
6956806,2.0,2.5,,
5687106,,4.0,,
3690706,,,,
3686906,,,,
6811806,2.0,3.0,,
4012106,1.5,2.0,,
3691306,1.0,2.5,,
3695406,2.0,3.0,,
4010806,2.5,3.0,,
5408706,1.5,1.5,,
3687506,1.0,3.0,,
5408006,2.0,2.5,,
5686606,,,,
4010606,,,,
3695206,2.5,2.5,,
4012206,3.0,3.0,,
5688306,1.5,2.5,,
3694806,,,,
3684006,3.0,3.0,,
3688606,,,,
3691106,2.0,3.0,,
3686306,2.0,3.0,,
3683406,,,,
3696406,,,,
5700206,4.0,4.0,,
3688806,1.5,1.0,,
3694206,2.5,3.0,,
4014806,,,,
4019906,,,,
3694606,3.0,3.0,,
4019006,2.5,2.5,,
3689906,2.0,2.0,,
5688406,4.0,4.0,,
8341406,4.0,4.0,,
5687306,2.5,3.0,,
4016906,2.0,3.0,,
4332506,2.5,3.0,,
5686406,2.0,2.5,,
3687606,2.0,2.0,,
6807206,1.5,2.5,,
3695306,2.0,3.0,,
3687006,3.0,3.0,,
3695706,,,,
4014306,2.5,3.0,,
9252206,,4.0,,
4018206,,,,
15643506,4.0,4.0,,
16698006,3.0,2.5,,2.0
16694106,4.0,4.0,,
6819606,1.5,2.5,,
5740006,2.5,2.0,,
9981606,2.0,2.5,,
8345106,2.0,4.0,,
5403206,2.0,3.0,,
4011306,2.5,2.5,,
6821106,2.0,2.5,,
4013406,3.0,2.5,,
3691206,2.0,2.0,,
6812406,2.5,2.5,,
11654406,2.0,2.0,,
8327406,2.0,2.0,,
4010706,4.0,3.0,,
4016106,2.5,3.0,,
3693006,1.5,3.0,,
3683906,2.5,2.5,,
3695806,4.0,1.5,,
5385206,2.5,1.5,,
4013606,1.0,2.5,,
3694006,2.0,2.0,,
3689506,1.5,2.0,,
8343206,2.0,2.5,,
3695606,2.0,3.0,,
4010506,2.5,3.0,,
6440706,4.0,4.0,,
3686106,2.0,1.5,,
5414706,2.0,2.0,,
6815706,2.0,2.5,,
5687606,1.5,2.0,,
3687206,2.0,1.5,,
3693106,2.0,2.0,,
3689406,1.0,3.0,,
4266806,2.5,2.0,,
3683706,1.5,2.5,,
4010906,2.5,2.5,,
3692206,1.5,2.5,,
5409906,4.0,4.0,,
4017406,2.5,3.0,,
3683606,1.0,2.0,,
3683006,2.0,2.5,,
5405206,1.5,2.5,,
6810206,2.5,3.0,,
12236506,4.0,2.5,,
8329706,4.0,2.5,,
5405606,4.0,2.5,,
4012906,2.5,2.0,,
3690906,2.5,2.0,,
4224706,2.5,3.0,,
3688906,2.0,2.0,,
5686506,2.5,2.5,,
8340406,,4.0,,
5414106,2.0,3.0,,
11649906,2.0,2.5,,
6813606,2.0,2.5,,
4011006,1.5,2.5,,
5416106,2.0,2.5,,
6424906,2.0,2.0,,
5686906,3.0,3.0,,
3692606,1.5,2.0,,
6821506,2.5,3.0,,
3683506,1.0,2.0,,
6820906,,4.0,,
5688606,2.0,2.5,,
3696706,2.0,3.0,,
3690506,2.0,2.5,,
3693506,1.0,1.0,,
3692006,2.0,2.5,,
8328806,4.0,2.0,,
3688106,2.0,2.5,,
3689606,2.0,3.0,,
3689006,2.0,1.5,,
3689206,2.0,1.0,,
3687406,2.0,3.0,,
5686206,2.5,3.0,,
5723806,,,,
3685106,1.0,3.0,,
4018106,2.0,3.0,,
3693206,2.5,2.5,,
4014706,2.5,3.0,,
5407706,2.0,2.5,,
5407006,2.5,3.0,,
6424806,2.5,3.0,,
4015606,2.5,2.5,,
5709106,2.0,2.5,,
5410106,2.5,3.0,,
5410206,2.0,2.5,,
3685006,2.5,3.0,,
4017706,2.0,3.0,,
9250106,,4.0,,
3688706,3.0,3.0,,
6808806,2.0,3.0,,
4013806,2.5,3.0,,
5414506,,,,
6807306,1.0,2.5,,
5687906,2.0,3.0,,
3690606,2.5,3.0,,
4013306,2.5,3.0,,
4014106,2.5,3.0,,
3687706,2.0,2.0,,
5409806,2.0,2.5,,
3694906,2.5,3.0,,
6821306,2.5,2.5,,
5406006,1.5,2.0,,
6816606,1.5,2.0,,
13024806,1.5,2.0,,
3691506,2.0,3.0,,
3689806,2.0,2.5,,
5408406,2.0,2.5,,
5416306,2.5,3.0,,
5406206,2.5,2.5,,
3694106,1.5,3.0,,
3305406,1.5,1.0,,
6807006,1.5,2.5,,
5689206,4.0,2.0,,
6816006,2.5,3.0,,
9235606,2.0,3.0,,
3686206,2.0,3.0,,
4016506,1.0,1.0,,
3688306,,1.5,,
3692406,2.0,2.5,,
3687806,2.5,2.0,,
3694706,1.5,1.5,,
3692506,4.0,2.5,,
3690106,2.0,2.5,,
3685906,1.5,1.0,,
3693906,2.0,3.0,,
3689306,1.5,1.5,,
3694406,2.0,2.5,,
3691406,2.0,2.5,,
3685706,3.0,3.0,,
8338806,,4.0,,
5405406,1.5,2.5,,
4011106,3.0,3.0,,
5687506,,,,
6809306,,4.0,,
4012006,2.0,2.5,,
5413506,4.0,4.0,,
3683106,2.0,2.0,,
3294006,1.5,2.0,,
3685206,3.0,3.0,,
3684206,1.0,1.0,,
5412406,,4.0,,
3295806,2.0,2.5,,
5687806,2.0,2.5,,
3690006,2.0,2.5,,
5410706,,,,
4010006,2.5,3.0,,
3684806,2.5,3.0,,
5409006,2.5,2.0,,
5414206,1.5,2.0,,
9246706,1.5,2.0,,
3688006,2.0,3.0,,
3690206,,,,
3687306,2.0,3.0,,
4015106,,,,
3684506,2.5,3.0,,
5402606,4.0,,,
4010106,,,,
3686506,,2.0,,
4017306,2.5,3.0,,
3685406,2.0,2.5,,
3696006,3.0,3.0,,
4019406,4.0,3.0,,
8339506,3.0,4.0,,
3690306,2.0,3.0,,
12237406,4.0,1.5,,
13034606,1.5,1.5,,
8341506,4.0,1.5,,
3295706,2.5,2.0,,
11659306,1.5,1.5,,
3694506,1.5,1.5,,
3693406,2.0,3.0,,
3691706,,3.0,,
5423306,2.5,2.5,,
9248006,2.5,2.5,,
3693806,,,,
5689306,2.0,1.5,,
3694306,2.0,1.0,,
3685606,2.5,3.0,,
8343106,2.5,3.0,,
3683806,1.0,1.5,,
6809006,4.0,3.0,,
9237506,2.5,3.0,,
3696306,2.5,2.5,,
8345706,4.0,3.0,,
11652006,4.0,4.0,,
5688106,,3.0,,
3686006,2.0,2.5,,
3684406,2.5,3.0,,
5415106,4.0,2.5,,
6818806,,4.0,,
3696906,2.0,1.0,,
5412206,2.5,2.5,,
3686806,3.0,2.0,,
4015006,2.0,2.0,,
3689106,2.0,3.0,,
3686606,1.5,2.0,,
3688206,2.0,2.0,,
5412006,2.0,2.0,,
6813906,2.5,2.5,,
6812306,,3.0,,
6811006,2.0,3.0,,
5687206,2.0,2.0,,
6822806,,,,
4015806,1.5,2.5,,
9245306,2.5,2.5,,
13501306,2.5,2.5,,
6809106,2.0,2.5,,
5429106,2.5,2.5,,
9240806,2.0,3.0,,
15629306,2.0,2.5,,
6807506,4.0,3.0,,
5423806,1.0,2.0,,
6814006,1.5,1.5,,
9235906,2.5,3.0,,
6815806,1.5,3.0,,
11648706,4.0,4.0,,
9251806,,4.0,,
6821206,4.0,2.5,,
9244206,4.0,2.5,,
6811706,,4.0,,
6811106,2.0,3.0,,
5405306,1.5,2.5,,
12233606,2.0,2.0,,
5402006,2.0,2.0,,
5404006,2.0,2.0,,
6818006,1.5,2.5,,
5709206,1.5,2.5,,
5410306,2.5,2.0,,
5687406,,,,
8339706,4.0,4.0,,
5420706,,4.0,,
8346206,,4.0,,
5413106,2.0,2.0,,
5407506,4.0,4.0,,
9978506,4.0,4.0,,
5403106,4.0,3.0,,
5403406,1.0,1.0,,
5406606,2.0,2.0,,
5408806,2.5,3.0,,
5403806,2.5,2.0,,
5415706,4.0,2.0,,
8343806,2.5,2.0,,
5412606,,,,
8326906,,4.0,,
5412306,,,,
5402206,1.5,2.5,,
5403306,1.5,2.0,,
5686006,2.0,2.0,,
5411806,,2.5,,
5409206,2.0,2.0,,
6810606,,4.0,,
9238706,2.0,4.0,,
14285806,2.0,2.5,1.5,
6815606,2.0,3.0,,
5414806,1.0,1.5,,
5406706,1.5,3.0,,
16693406,4.0,4.0,,
5403906,,,,
5407406,2.0,2.5,,
5414906,2.0,2.0,,
9251406,1.5,2.5,,
5416006,1.5,1.0,,
5405006,2.5,2.5,,
5404406,2.5,3.0,,
5422506,2.0,2.0,,
5408606,,1.0,,
9979906,,4.0,,
8334806,2.5,3.0,,
5410606,2.0,2.0,,
5408906,1.5,2.0,,
5415006,3.0,4.0,,
5410506,2.5,2.0,,
5411506,1.5,1.0,,
8339306,2.0,3.0,,
13036706,4.0,4.0,,
5413206,1.5,1.0,,
5688906,1.5,3.0,,
6808906,,2.5,,
5405706,2.5,2.0,,
8336006,,2.5,,
5403706,2.0,2.5,,
5541706,2.5,3.0,,
5404206,1.0,1.0,,
5709306,2.5,2.5,,
5409506,2.0,2.5,,
5404806,4.0,2.5,,
8324206,,4.0,,
6817806,2.5,2.0,,
6809706,4.0,4.0,,
5409706,2.0,2.0,,
5406306,1.0,1.5,,
5409106,2.0,1.5,,
5407806,1.5,1.5,,
5415606,2.0,2.0,,
5409306,1.5,2.0,,
5412906,2.5,2.5,,
6816506,2.0,3.0,,
5410806,2.0,3.0,,
5415206,2.0,2.0,,
5404506,2.0,2.0,,
5414606,1.0,1.0,,
5401906,2.5,2.5,,
5688706,4.0,3.0,,
5411306,,,,
5775606,2.0,2.5,,
8323606,1.5,1.0,,
5402706,2.5,2.0,,
5411906,2.0,3.0,,
5403606,1.5,2.5,,
5414306,1.0,2.0,,
5412506,2.0,2.5,,
5423506,2.5,2.5,,
5768106,2.0,3.0,,
5411106,2.0,2.5,,
5405506,1.5,2.0,,
5423106,2.5,2.5,,
5414006,1.0,2.0,,
9247406,,2.5,,
6819006,2.5,2.5,,
5411206,1.5,2.5,,
5402306,1.5,2.0,,
5420906,1.5,2.5,,
5413806,2.5,2.0,,
6821406,2.0,2.0,,
5403506,1.5,1.5,,
5416206,2.5,1.5,,
5405906,2.5,2.5,,
6814506,,4.0,,
8324006,,3.0,,
6819506,,4.0,,
5689106,1.5,3.0,,
5413006,1.5,3.0,,
6821806,1.5,2.0,,
5689006,,,,
6808706,2.0,3.0,,
5686806,,,,
5413606,2.0,2.5,,
5404306,2.0,2.5,,
9251706,2.0,2.5,,
8343506,,3.0,,
13027106,2.0,2.5,,
6814406,2.0,2.5,,
6817306,4.0,3.0,,
12236606,2.0,2.5,,
5402106,2.0,2.5,,
6818606,,4.0,,
8326006,4.0,4.0,,
5415506,1.0,2.5,,
9251906,2.5,1.0,,
5410006,,2.0,,
8345806,,4.0,,
5413406,,2.5,,
8340906,,4.0,,
9981006,4.0,4.0,,
5688206,,2.5,,
5411706,2.5,2.5,,
6815106,1.5,2.5,,
8342606,2.5,2.5,,
8336406,2.0,2.0,,
6855206,3.0,3.0,,
5423606,1.5,2.0,,
13018606,4.0,4.0,,
5405806,1.5,1.0,,
8334306,,4.0,,
9244306,4.0,4.0,,
6810506,2.0,2.0,,
5408506,,,,
6855406,,2.0,,
5409406,2.5,2.5,,
6814106,,4.0,,
5411006,2.0,2.0,,
5407306,1.5,3.0,,
5416406,2.0,1.5,,
6805906,2.5,3.0,,
5421306,2.0,2.0,,
6820406,2.5,2.5,,
14310706,2.0,2.5,,
13025406,2.0,2.5,,
6820606,2.0,2.5,,
6855306,2.0,3.0,,
5408206,2.0,2.5,,
8330006,,4.0,,
17204206,4.0,4.0,,
14276306,4.0,4.0,,
9231106,4.0,3.0,,
5413906,1.0,1.0,,
5415406,1.5,1.5,,
5422606,,1.0,,
5415306,1.5,3.0,,
5402406,2.0,1.5,,
5404606,,1.5,,
9237906,2.0,3.0,,
5686306,,3.0,,
8333606,4.0,4.0,,
9235106,4.0,4.0,,
9663506,4.0,4.0,,
5406106,2.0,3.0,,
5415906,1.5,2.5,,
8326106,2.5,2.0,,
8325206,1.5,2.5,,
5411606,,4.0,,
