semestr_id,predmet_id,studium_id,zapocteno,zakonceno,znamka,poradi_zapisu
B192,4661406,16699706,Z,1.0,2.5,1
B181,1432506,14317006,Z,1.0,1.5,1
B181,1432506,15710506,Z,1.0,2.5,1
B181,1432506,15689606,,,4.0,1
B181,1432506,15630006,N,,4.0,1
B181,1432506,15635106,Z,1.0,2.5,1
B181,1432506,15635006,Z,1.0,1.5,1
B181,1432506,15634906,Z,1.0,2.5,1
B181,1432506,14312806,Z,1.0,3.0,1
B181,1432506,15634806,Z,1.0,3.0,1
B181,1432506,15634506,Z,1.0,3.0,1
B181,1432506,15634306,Z,1.0,2.0,1
B181,1432506,15634206,Z,1.0,2.5,1
B181,1432506,15634106,,,4.0,1
B181,1432506,15634006,Z,1.0,3.0,1
B181,1432506,15633906,Z,1.0,3.0,1
B181,1432506,15633706,Z,1.0,2.0,1
B181,1432506,15634706,N,,4.0,1
B181,1432506,14286606,Z,1.0,3.0,1
B181,1432506,15629206,,,4.0,1
B181,1432506,15632206,Z,1.0,2.0,1
B181,1432506,16198406,Z,1.0,1.5,1
B181,1432506,16198006,,,4.0,1
B181,1432506,16197806,Z,1.0,2.0,1
B181,1432506,16197706,N,,4.0,1
B181,1432506,16197606,Z,1.0,2.5,1
B181,1432506,16197506,N,,4.0,1
B181,1432506,16197306,Z,1.0,2.5,1
B181,1432506,16197206,Z,1.0,2.5,1
B181,1432506,16197106,Z,1.0,1.0,1
B181,1432506,16196806,Z,1.0,2.5,1
B181,1432506,16196706,Z,1.0,2.0,1
B181,1432506,16196606,,,4.0,1
B181,1432506,16196506,Z,1.0,2.5,1
B181,1432506,15642106,,,4.0,1
B181,1432506,15642506,Z,1.0,2.5,1
B181,1432506,15636106,Z,1.0,2.0,1
B181,1432506,15633806,Z,1.0,1.5,1
B181,1432506,15633606,Z,1.0,1.5,1
B171,1432506,14271606,Z,1.0,2.0,1
B171,1432506,14255206,Z,1.0,2.0,1
B171,1432506,14252506,Z,1.0,2.0,1
B161,1432506,13029006,Z,1.0,1.5,1
B161,1432506,13030306,,,4.0,1
B161,1432506,13023106,Z,1.0,2.5,1
B161,1432506,13029506,Z,1.0,1.5,1
B161,1432506,13022806,Z,1.0,1.0,1
B161,1432506,13035006,Z,1.0,2.0,1
B161,1432506,13019006,Z,1.0,1.5,1
B161,1432506,13027506,Z,1.0,1.5,1
B161,1432506,13028406,Z,1.0,1.5,1
B161,1432506,13502506,Z,1.0,2.0,1
B161,1432506,13498906,Z,1.0,2.0,1
B161,1432506,13499906,Z,1.0,2.0,1
B161,1432506,13499506,Z,1.0,1.5,1
B161,1432506,13502106,,,4.0,1
B161,1432506,13502006,,,4.0,1
B161,1432506,13501906,Z,1.0,2.5,1
B161,1432506,13501806,N,,4.0,1
B161,1432506,13017806,Z,1.0,1.0,1
B181,1432506,16198706,,,4.0,1
B161,1432506,13032606,Z,1.0,2.0,1
B161,1432506,13036206,Z,1.0,2.5,1
B171,1432506,14266506,Z,1.0,1.5,1
B171,1432506,14258706,Z,1.0,2.0,1
B171,1432506,14279206,Z,1.0,1.5,1
B171,1432506,13026906,Z,1.0,1.5,1
B161,1432506,13029206,Z,1.0,1.0,1
B161,1432506,13028906,Z,1.0,1.5,1
B161,1432506,13032806,Z,1.0,2.0,1
B161,1432506,13029806,Z,1.0,1.0,1
B161,1432506,13021806,Z,1.0,2.5,1
B161,1432506,13018906,Z,1.0,2.0,1
B161,1432506,13030106,Z,1.0,1.5,1
B161,1432506,13017106,Z,1.0,2.5,1
B161,1432506,13034406,Z,1.0,2.5,1
B161,1432506,13025706,Z,1.0,2.0,1
B161,1432506,13033006,N,,4.0,1
B161,1432506,13021906,Z,1.0,2.5,1
B161,1432506,13034706,,,4.0,1
B161,1432506,13018806,Z,1.0,2.0,1
B181,1432506,16198106,Z,1.0,3.0,1
B181,1432506,16198206,,,4.0,1
B181,1432506,16198506,Z,1.0,2.5,1
B171,1432506,14284006,Z,1.0,1.0,1
B171,1432506,14283506,Z,1.0,2.0,1
B171,1432506,14283206,Z,1.0,2.0,1
B171,1432506,14283106,Z,1.0,2.0,1
B171,1432506,14282806,,,4.0,1
B171,1432506,14253006,Z,1.0,2.0,1
B171,1432506,14252806,Z,1.0,1.5,1
B171,1432506,14311406,N,,4.0,1
B171,1432506,14281906,Z,,4.0,1
B171,1432506,14280906,Z,1.0,1.5,1
B171,1432506,14280506,Z,1.0,2.5,1
B171,1432506,14251106,,,4.0,1
B171,1432506,14249906,Z,1.0,1.5,1
B171,1432506,14310506,Z,1.0,1.0,1
B171,1432506,14309306,Z,1.0,2.0,1
B171,1432506,14280206,Z,1.0,2.0,1
B171,1432506,14248806,,,4.0,1
B171,1432506,14285106,Z,1.0,2.0,1
B171,1432506,14248606,Z,1.0,1.5,1
B171,1432506,14285606,Z,1.0,2.0,1
B171,1432506,14315606,Z,1.0,1.5,1
B171,1432506,14766006,,,4.0,1
B171,1432506,14793206,,,4.0,1
B171,1432506,14793106,Z,1.0,1.0,1
B171,1432506,14793006,Z,1.0,3.0,1
B171,1432506,14792906,Z,1.0,1.5,1
B171,1432506,14792806,Z,1.0,2.5,1
B171,1432506,14792606,Z,1.0,2.5,1
B171,1432506,14319106,Z,1.0,2.0,1
B171,1432506,14319006,,,4.0,1
B171,1432506,14288506,Z,1.0,2.0,1
B171,1432506,14257906,Z,1.0,2.0,1
B171,1432506,14318406,Z,1.0,2.0,1
B171,1432506,14317406,Z,1.0,2.5,1
B171,1432506,14317306,Z,1.0,2.5,1
B171,1432506,14316906,,,4.0,1
B171,1432506,14287406,Z,1.0,2.0,1
B171,1432506,14256506,Z,1.0,1.5,1
B171,1432506,14315106,Z,,,1
B161,1432506,13502806,Z,1.0,2.0,1
B171,1432506,14248506,Z,1.0,2.5,1
B171,1432506,14247506,Z,1.0,2.0,1
B171,1432506,13019106,Z,1.0,1.0,1
B171,1432506,14274506,,,4.0,1
B171,1432506,14250806,,,4.0,1
B171,1432506,14254406,Z,1.0,2.0,1
B171,1432506,13032306,,,4.0,1
B171,1432506,14256006,Z,1.0,2.5,1
B171,1432506,13017006,Z,1.0,1.5,1
B191,1432506,16693606,,,4.0,1
B181,1432506,16197006,Z,1.0,3.0,1
B181,1432506,15628706,,,4.0,1
B181,1432506,16197406,,,4.0,1
B181,1432506,16198606,Z,1.0,3.0,1
B181,1432506,15634606,,,4.0,1
B181,1432506,15643306,,,4.0,1
B181,1432506,15643206,,,4.0,1
B181,1432506,16203206,,,4.0,1
B181,1432506,16198306,N,,4.0,1
B171,1432506,14301606,Z,1.0,1.0,1
B171,1432506,14248206,,,4.0,1
B171,1432506,14302006,Z,1.0,1.0,1
B171,1432506,14273706,Z,,,1
B171,1432506,14308706,Z,1.0,1.5,1
B171,1432506,14277806,Z,1.0,2.0,1
B171,1432506,14277406,Z,1.0,1.5,1
B171,1432506,14276906,,,4.0,1
B171,1432506,14276606,,,4.0,1
B171,1432506,14246706,Z,1.0,2.0,1
B171,1432506,14246506,Z,1.0,2.0,1
B171,1432506,14304906,Z,1.0,1.5,1
B171,1432506,14276306,,,4.0,1
B171,1432506,14275806,Z,1.0,1.5,1
B171,1432506,14274706,Z,1.0,1.0,1
B171,1432506,14276106,Z,1.0,2.5,1
B171,1432506,14276006,Z,1.0,1.0,1
B171,1432506,14244906,Z,1.0,2.0,1
B171,1432506,14244706,Z,1.0,2.5,1
B171,1432506,14244406,Z,1.0,1.5,1
B171,1432506,14303506,Z,1.0,1.5,1
B171,1432506,14242206,Z,1.0,2.5,1
B171,1432506,14793506,Z,1.0,1.0,1
B161,1432506,13501606,,,4.0,1
B161,1432506,13502706,Z,1.0,2.0,1
B171,1432506,14318506,Z,1.0,1.5,1
B171,1432506,14287206,,,4.0,1
B171,1432506,14249606,Z,1.0,1.5,1
B171,1432506,14297206,Z,1.0,2.0,1
B171,1432506,14288006,Z,1.0,1.0,1
B171,1432506,14285906,Z,1.0,2.0,1
B171,1432506,14250506,Z,1.0,1.5,1
B171,1432506,14242006,Z,1.0,1.5,1
B171,1432506,14282506,Z,1.0,1.5,1
B171,1432506,14303406,Z,1.0,2.5,1
B171,1432506,13019506,,,4.0,1
B171,1432506,14308806,Z,1.0,1.0,1
B171,1432506,13031206,,,4.0,1
B171,1432506,14311806,Z,1.0,1.0,1
B171,1432506,14310106,Z,1.0,2.0,1
B171,1432506,14246406,Z,1.0,2.0,1
B171,1432506,14284506,,,4.0,1
B171,1432506,14275606,Z,1.0,1.5,1
B171,1432506,13024306,,,4.0,1
B171,1432506,14304706,Z,,,1
B161,1432506,13020506,Z,1.0,1.5,1
B161,1432506,13033706,Z,1.0,2.5,1
B161,1432506,13032106,Z,1.0,2.0,1
B161,1432506,13021406,,,4.0,1
B161,1432506,13021606,Z,1.0,1.5,1
B161,1432506,13035606,Z,1.0,1.5,1
B161,1432506,13036406,,,4.0,1
B161,1432506,13036506,,,4.0,1
B161,1432506,13034906,,,4.0,1
B161,1432506,13033906,Z,1.0,1.5,1
B161,1432506,13033206,,,4.0,1
B161,1432506,13029706,Z,1.0,2.0,1
B161,1432506,13035406,,,4.0,1
B161,1432506,13027206,Z,1.0,2.5,1
B161,1432506,13033306,Z,1.0,2.0,1
B161,1432506,13024506,Z,1.0,1.5,1
B161,1432506,13025006,Z,1.0,1.5,1
B171,1432506,14245306,Z,1.0,1.5,1
B171,1432506,14242506,Z,,,1
B171,1432506,14261606,Z,1.0,1.0,1
B171,1432506,14260906,Z,1.0,1.5,1
B171,1432506,14294606,,,4.0,1
B171,1432506,14294106,Z,1.0,2.0,1
B171,1432506,14294506,Z,1.0,2.5,1
B171,1432506,14294306,Z,1.0,1.0,1
B171,1432506,14293806,Z,1.0,1.5,1
B171,1432506,14264106,Z,1.0,2.0,1
B171,1432506,14264006,Z,,,1
B171,1432506,14292106,Z,1.0,2.5,1
B171,1432506,14261006,Z,,,1
B171,1432506,14320706,Z,1.0,1.5,1
B171,1432506,14290906,,,4.0,1
B171,1432506,14260806,Z,1.0,1.5,1
B171,1432506,14259906,Z,1.0,1.5,1
B171,1432506,14319506,,,4.0,1
B171,1432506,14319406,Z,1.0,2.0,1
B161,1432506,13018306,Z,,,1
B161,1432506,13025906,Z,1.0,2.5,1
B171,1432506,14295106,Z,1.0,2.0,1
B161,1432506,13032406,Z,1.0,2.0,1
B171,1432506,14265306,Z,1.0,2.0,1
B171,1432506,14296706,Z,1.0,2.0,1
B171,1432506,14313306,Z,1.0,1.5,1
B171,1432506,14301006,Z,1.0,2.0,1
B171,1432506,13017406,Z,1.0,2.0,1
B171,1432506,14240706,Z,1.0,2.0,1
B171,1432506,14309106,Z,1.0,1.5,1
B171,1432506,14245006,Z,1.0,1.5,1
B171,1432506,14280106,Z,1.0,1.0,1
B171,1432506,14300906,Z,1.0,1.5,1
B171,1432506,14300706,Z,,,1
B171,1432506,14300506,Z,1.0,2.0,1
B171,1432506,14299706,Z,1.0,1.0,1
B171,1432506,14299306,Z,1.0,2.0,1
B171,1432506,14299206,Z,1.0,2.5,1
B171,1432506,14298706,Z,1.0,1.0,1
B171,1432506,14298506,Z,1.0,2.0,1
B171,1432506,14297906,,,4.0,1
B171,1432506,14297806,Z,1.0,1.5,1
B171,1432506,14265806,,,4.0,1
B161,1432506,13031506,Z,1.0,2.0,1
B161,1432506,13024906,Z,1.0,2.5,1
B161,1432506,13021506,Z,1.0,1.0,1
B161,1432506,13499006,,,4.0,1
B161,1432506,13502206,,,4.0,1
B161,1432506,13498806,Z,1.0,1.5,1
B161,1432506,13498706,Z,1.0,1.5,1
B161,1432506,13498606,N,,4.0,1
B161,1432506,13498506,Z,1.0,1.5,1
B161,1432506,13498406,Z,1.0,2.5,1
B161,1432506,13498306,Z,1.0,2.5,1
B161,1432506,13032206,Z,1.0,2.5,1
B161,1432506,13502606,Z,1.0,1.5,1
B161,1432506,13020706,Z,1.0,1.5,1
B161,1432506,13024006,Z,1.0,1.5,1
B161,1432506,13026706,Z,1.0,1.5,1
B161,1432506,13028206,Z,1.0,2.0,1
B161,1432506,13029606,Z,1.0,2.0,1
B161,1432506,13026006,Z,1.0,2.0,1
B161,1432506,13036106,Z,1.0,3.0,1
B161,1432506,13499106,,,4.0,1
B161,1432506,13025806,Z,1.0,1.0,1
B161,1432506,13499206,Z,1.0,1.5,1
B161,1432506,13502306,Z,1.0,3.0,1
B161,1432506,13501206,Z,1.0,2.0,1
B161,1432506,13501106,Z,1.0,2.5,1
B161,1432506,13501006,Z,1.0,2.0,1
B161,1432506,13500906,Z,1.0,2.0,1
B161,1432506,13500806,Z,1.0,2.0,1
B161,1432506,13500706,,,4.0,1
B161,1432506,13500606,Z,1.0,2.0,1
B161,1432506,13500406,,,4.0,1
B161,1432506,13500306,Z,1.0,2.0,1
B161,1432506,13500206,Z,1.0,2.0,1
B161,1432506,13501706,Z,1.0,2.0,1
B161,1432506,13500006,,,4.0,1
B161,1432506,13499806,Z,1.0,2.0,1
B161,1432506,13499706,Z,1.0,2.0,1
B161,1432506,13499606,Z,1.0,1.5,1
B161,1432506,13499406,,,4.0,1
B161,1432506,13502406,Z,1.0,2.5,1
B161,1432506,13499306,,,4.0,1
B161,1432506,13501406,,,4.0,1
B161,1432506,13031606,Z,1.0,2.0,1
B161,1432506,13031706,Z,1.0,2.0,1
B161,1432506,13025506,Z,1.0,1.0,1
B161,1432506,13024706,Z,1.0,2.0,1
B161,1432506,13031406,Z,1.0,1.5,1
B161,1432506,13034006,,,4.0,1
B161,1432506,13022006,Z,1.0,1.0,1
B161,1432506,13019206,Z,1.0,2.0,1
B161,1432506,13023206,Z,1.0,1.5,1
B161,1432506,13021306,Z,1.0,2.5,1
B161,1432506,13032906,Z,1.0,1.5,1
B161,1432506,13028106,Z,1.0,2.0,1
B161,1432506,13020806,Z,1.0,1.0,1
B161,1432506,13025606,Z,1.0,2.5,1
B161,1432506,13031106,Z,1.0,2.0,1
B161,1432506,13017906,Z,1.0,2.5,1
B161,1432506,13026406,,,4.0,1
B161,1432506,13019806,Z,1.0,1.5,1
B161,1432506,13017206,Z,1.0,2.0,1
B161,1432506,13018706,Z,1.0,2.5,1
B161,1432506,13026806,Z,1.0,2.0,1
B161,1432506,13030706,Z,1.0,2.0,1
B161,1432506,13033506,Z,1.0,2.5,1
B161,1432506,13027806,Z,1.0,1.0,1
B161,1432506,13025306,Z,1.0,1.5,1
B161,1432506,13029106,Z,1.0,2.0,1
B161,1432506,13023006,Z,1.0,2.0,1
B161,1432506,13018506,Z,1.0,1.5,1
B161,1432506,13027906,Z,1.0,2.5,1
B161,1432506,13030506,Z,,,1
B161,1432506,13031906,Z,1.0,2.0,1
B161,1432506,13016906,Z,1.0,1.0,1
B161,1432506,13034606,Z,1.0,1.5,1
B161,1432506,13036306,,,4.0,1
B161,1432506,13032506,Z,1.0,1.5,1
B161,1432506,13024606,Z,1.0,1.0,1
B161,1432506,13032006,,,4.0,1
B161,1432506,13035306,,,4.0,1
B161,1432506,13027606,,,4.0,1
B161,1432506,13023306,,,4.0,1
B161,1432506,13031006,Z,,,1
B161,1432506,13018106,Z,1.0,2.5,1
B171,1432506,14793706,Z,1.0,2.0,1
B171,1432506,14793906,Z,1.0,1.5,1
B191,1432506,16699006,,,4.0,1
B191,1432506,16699306,Z,1.0,1.0,1
B191,1432506,16701806,Z,,,1
B191,1432506,16699906,Z,1.0,2.0,1
B191,1432506,16697206,Z,1.0,3.0,1
B191,1432506,16699706,Z,1.0,2.5,1
B191,1432506,16696606,Z,1.0,3.0,1
B191,1432506,16699206,Z,1.0,2.0,1
B191,1432506,16696306,,,4.0,1
B191,1432506,16696506,Z,1.0,2.0,1
B191,1432506,16700506,Z,1.0,2.5,1
B191,1432506,16700106,N,,4.0,1
B191,1432506,16697006,N,,4.0,1
B191,1432506,16696206,Z,1.0,3.0,1
B191,1432506,16697606,,,4.0,1
B191,1432506,16695706,Z,1.0,2.5,1
B191,1432506,16699406,Z,1.0,2.0,1
B191,1432506,16699606,Z,1.0,2.0,1
B191,1432506,16701606,Z,1.0,2.0,1
B191,1432506,16698206,Z,1.0,2.0,1
B191,1432506,16690206,Z,1.0,1.5,1
B191,1432506,16693006,N,,4.0,1
B191,1432506,16694606,,,4.0,1
B191,1432506,16690306,N,,4.0,1
B191,1432506,16694706,,,4.0,1
B191,1432506,16699506,Z,1.0,2.0,1
B191,1432506,16700406,Z,1.0,2.0,1
B191,1432506,16696806,Z,1.0,3.0,1
B191,1432506,16697806,Z,1.0,1.5,1
B191,1432506,16694506,Z,1.0,1.5,1
B191,1432506,16695806,Z,1.0,1.0,1
B191,1432506,16693206,Z,1.0,3.0,1
B191,1432506,16690506,,,4.0,1
B191,1432506,16702106,,,4.0,1
B191,1432506,16703206,Z,1.0,2.0,1
B191,1432506,16704006,Z,1.0,2.5,1
B191,1432506,16703106,Z,1.0,2.5,1
B191,1432506,16693506,Z,,4.0,1
B191,1432506,16696006,Z,1.0,2.0,1
B191,1432506,16701006,Z,,4.0,1
B191,1432506,16694906,Z,1.0,1.5,1
B191,1432506,16691406,,,4.0,1
B191,1432506,16690106,Z,1.0,1.5,1
B191,1432506,16690806,Z,1.0,1.5,1
B191,1432506,16696406,,,4.0,1
B191,1432506,16691506,N,,4.0,1
B191,1432506,16693306,Z,1.0,2.0,1
B191,1432506,16692106,Z,1.0,2.0,1
B191,1432506,16691106,Z,1.0,2.5,1
B191,1432506,16689706,Z,1.0,1.0,1
B191,1432506,16702606,Z,1.0,1.5,1
B191,1432506,16690606,Z,,,1
B191,1432506,16690006,Z,,4.0,1
B191,1432506,16693906,Z,1.0,1.5,1
B191,1432506,16693106,Z,1.0,2.0,1
B191,1432506,15636706,Z,1.0,2.5,1
B191,1432506,15632506,Z,1.0,2.0,1
B191,1432506,16858906,,,4.0,1
B191,1432506,16690906,Z,1.0,2.5,1
B191,1432506,16697406,Z,1.0,1.5,1
B191,1432506,16693406,,,4.0,1
B191,1432506,16691206,Z,1.0,2.5,1
B191,1432506,16697506,Z,1.0,2.5,1
B191,1432506,16697906,Z,1.0,3.0,1
B191,1432506,16694006,Z,1.0,1.5,1
B191,1432506,16696706,Z,1.0,3.0,1
B191,1432506,16693806,Z,1.0,2.0,1
B191,1432506,16694106,Z,,,1
B191,1432506,16697106,Z,1.0,1.5,1
B191,1432506,16695106,Z,1.0,2.5,1
B191,1432506,16692906,Z,1.0,1.0,1
B191,1432506,16692706,Z,1.0,2.5,1
B191,1432506,16692606,Z,1.0,1.5,1
B191,1432506,16692206,Z,1.0,1.5,1
B191,1432506,16695006,Z,1.0,1.5,1
B191,1432506,16694306,Z,1.0,1.0,1
B191,1432506,16691706,Z,1.0,2.0,1
B191,1432506,16695906,Z,1.0,1.0,1
B191,1432506,16695306,Z,1.0,2.5,1
B191,1432506,16699106,N,,4.0,1
B191,1432506,16694206,Z,1.0,2.0,1
B191,1432506,16691006,N,,4.0,1
B191,1432506,16701306,Z,1.0,2.0,1
B161,1434606,13023006,Z,,,1
B161,1434606,13017806,Z,1.0,1.5,1
B161,1434606,13026206,,,4.0,1
B161,1434606,13030506,Z,,4.0,1
B161,1434606,13023906,Z,1.0,2.0,1
B161,1434606,13502206,N,,4.0,1
B191,1432506,17206906,Z,1.0,2.0,1
B191,1432506,17204306,Z,1.0,1.0,1
B191,1432506,16702906,Z,1.0,2.0,1
B191,1432506,16698506,,,4.0,1
B181,1432506,15635706,Z,1.0,2.0,1
B191,1432506,17205506,Z,1.0,2.5,1
B191,1432506,17212606,Z,1.0,1.5,1
B191,1432506,17203906,,,4.0,1
B191,1432506,17204906,Z,1.0,3.0,1
B191,1432506,17206006,,,4.0,1
B191,1432506,17204506,Z,1.0,2.0,1
B161,1434606,13030606,Z,1.0,2.5,1
B191,1432506,17205306,Z,1.0,1.0,1
B161,1434606,13022206,Z,1.0,2.0,1
B161,1434606,13021206,N,,4.0,1
B161,1434606,13017506,Z,,,1
B161,1434606,13031806,Z,1.0,2.0,1
B161,1434606,13030406,N,,4.0,1
B161,1434606,13028806,Z,1.0,2.0,1
B161,1434606,13034206,Z,1.0,2.0,1
B161,1434606,13030306,N,,4.0,1
B161,1434606,13028006,N,,4.0,1
B161,1434606,13022406,Z,1.0,1.0,1
B161,1434606,13018906,Z,1.0,3.0,1
B161,1434606,13020906,Z,1.0,2.0,1
B161,1434606,13027406,Z,1.0,2.5,1
B161,1434606,13018006,Z,1.0,2.5,1
B161,1434606,13019906,Z,1.0,3.0,1
B161,1434606,13026706,Z,1.0,3.0,1
B161,1434606,13023806,Z,1.0,3.0,1
B161,1434606,13027506,Z,1.0,2.0,1
B161,1434606,13035806,Z,,4.0,1
B161,1434606,13034106,Z,1.0,2.5,1
B191,1432506,16698106,Z,1.0,2.0,1
B191,1432506,17204206,,,4.0,1
B191,1432506,16689806,,,4.0,1
B191,1432506,16703006,,,4.0,1
B191,1432506,16695506,Z,1.0,2.5,1
B191,1432506,15634406,Z,1.0,2.0,1
B191,1432506,15638306,Z,1.0,2.5,1
B191,1432506,16703906,,,4.0,1
B191,1432506,16703606,,,4.0,1
B191,1432506,16703706,Z,1.0,1.5,1
B191,1432506,16701406,Z,1.0,2.0,1
B191,1432506,16694806,Z,1.0,1.5,1
B191,1432506,16696906,,,4.0,1
B191,1432506,16691306,Z,1.0,2.5,1
B191,1432506,16691806,N,,4.0,1
B191,1432506,16693706,Z,1.0,2.5,1
B191,1432506,16692806,Z,1.0,2.5,1
B191,1432506,16691906,Z,1.0,2.5,1
B191,1432506,16696106,,,4.0,1
B191,1432506,16692306,Z,1.0,2.5,1
B191,1432506,17206406,,,4.0,1
B191,1432506,17204806,Z,,4.0,1
B191,1432506,17205206,Z,1.0,2.0,1
B191,1432506,17205806,Z,1.0,2.0,1
B191,1432506,16700006,Z,1.0,3.0,1
B191,1432506,16698806,,,4.0,1
B191,1432506,16689906,,,4.0,1
B191,1432506,16700206,,,4.0,1
B191,1432506,16698006,Z,1.0,3.0,1
B191,1432506,16690406,Z,1.0,2.0,1
B191,1432506,16701106,,,4.0,1
B191,1432506,16690706,,,4.0,1
B191,1432506,16702306,Z,1.0,3.0,1
B191,1432506,17204706,Z,1.0,2.0,1
B191,1432506,17204606,Z,1.0,2.5,1
B191,1432506,17204406,,,4.0,1
B191,1432506,17205406,,,4.0,1
B191,1432506,17205106,,,4.0,1
B191,1432506,17204006,Z,1.0,2.5,1
B191,1432506,17206206,Z,1.0,3.0,1
B162,4643006,13025906,Z,1.0,2.0,1
B191,1432506,17206506,Z,1.0,2.0,1
B171,1432506,14793806,Z,1.0,1.5,1
B181,1432506,15633506,Z,1.0,2.0,1
B181,1432506,15633106,Z,1.0,1.5,1
B181,1432506,15640006,Z,1.0,2.5,1
B181,1432506,15639906,Z,1.0,2.5,1
B181,1432506,15639806,Z,1.0,2.5,1
B181,1432506,15639706,Z,1.0,3.0,1
B181,1432506,15639606,Z,1.0,2.5,1
B181,1432506,15639506,Z,1.0,3.0,1
B181,1432506,15639406,Z,1.0,2.0,1
B181,1432506,15640106,Z,1.0,2.0,1
B181,1432506,15639306,Z,1.0,2.0,1
B181,1432506,15639106,Z,1.0,3.0,1
B181,1432506,15639006,Z,1.0,3.0,1
B181,1432506,15638906,,,4.0,1
B181,1432506,15638806,Z,,4.0,1
B181,1432506,15638706,Z,1.0,2.0,1
B181,1432506,15638406,Z,1.0,2.5,1
B181,1432506,15638206,N,,4.0,1
B181,1432506,15639206,,,4.0,1
B181,1432506,15640206,Z,1.0,3.0,1
B181,1432506,15640306,Z,1.0,2.5,1
B181,1432506,15640406,Z,1.0,1.5,1
B181,1432506,15642206,,,4.0,1
B181,1432506,15642006,,,4.0,1
B181,1432506,15641906,N,,4.0,1
B181,1432506,15641806,Z,,4.0,1
B181,1432506,15641706,Z,1.0,1.5,1
B181,1432506,15641606,Z,1.0,2.5,1
B181,1432506,15641506,Z,1.0,2.0,1
B181,1432506,15641406,Z,1.0,3.0,1
B181,1432506,15641306,Z,1.0,2.5,1
B181,1432506,15641206,Z,1.0,2.5,1
B181,1432506,15641106,Z,1.0,2.5,1
B181,1432506,15641006,Z,1.0,2.5,1
B181,1432506,15640906,,,4.0,1
B181,1432506,15640806,Z,1.0,2.5,1
B181,1432506,15640706,Z,1.0,2.0,1
B181,1432506,15640606,Z,1.0,2.5,1
B181,1432506,15640506,Z,1.0,1.5,1
B181,1432506,15638106,Z,1.0,2.5,1
B181,1432506,15638006,Z,1.0,2.5,1
B181,1432506,15637906,Z,,,1
B181,1432506,15637806,Z,1.0,3.0,1
B181,1432506,14281706,Z,1.0,2.0,1
B171,1432506,14948006,,,4.0,1
B171,1432506,14947906,Z,1.0,1.0,1
B171,1432506,14795406,Z,1.0,2.0,1
B171,1432506,14795306,,,4.0,1
B171,1432506,14795106,Z,1.0,2.0,1
B171,1432506,14795006,Z,1.0,1.5,1
B171,1432506,14794906,,,4.0,1
B171,1432506,14794806,,,4.0,1
B171,1432506,14794706,Z,1.0,2.5,1
B171,1432506,14794606,Z,1.0,2.0,1
B171,1432506,14794506,Z,1.0,2.0,1
B171,1432506,14794406,,,4.0,1
B171,1432506,14794306,Z,1.0,2.5,1
B171,1432506,14794206,Z,1.0,2.0,1
B171,1432506,14794106,Z,,4.0,1
B171,1432506,14794006,,,4.0,1
B181,1432506,14306006,Z,1.0,2.0,1
B181,1432506,15642306,Z,1.0,2.5,1
B181,1432506,15635206,Z,1.0,2.5,1
B181,1432506,15635406,Z,1.0,1.5,1
B181,1432506,15637706,Z,1.0,2.0,1
B181,1432506,15637506,Z,1.0,2.0,1
B181,1432506,15637406,N,,4.0,1
B181,1432506,15637306,Z,1.0,2.5,1
B181,1432506,15637206,,,4.0,1
B181,1432506,15637106,N,,4.0,1
B181,1432506,15636906,Z,1.0,2.5,1
B181,1432506,15636606,,,4.0,1
B181,1432506,15636506,Z,1.0,3.0,1
B181,1432506,15636406,N,,4.0,1
B181,1432506,15636306,Z,1.0,2.5,1
B181,1432506,15636206,Z,1.0,3.0,1
B181,1432506,15636006,,,4.0,1
B181,1432506,15635906,,,4.0,1
B181,1432506,15635806,Z,1.0,2.0,1
B181,1432506,15635606,Z,1.0,2.5,1
B181,1432506,15635506,,,4.0,1
B181,1432506,15635306,Z,1.0,3.0,1
B181,1432506,15642406,Z,1.0,1.0,1
B181,1432506,15642606,Z,1.0,3.0,1
B181,1432506,15642706,Z,1.0,2.0,1
B181,1432506,15630206,,,4.0,1
B181,1432506,15630106,Z,1.0,2.5,1
B181,1432506,15629906,Z,1.0,2.0,1
B181,1432506,15629806,Z,1.0,2.0,1
B181,1432506,15629706,Z,1.0,2.5,1
B181,1432506,15629606,Z,1.0,2.0,1
B181,1432506,15629506,Z,1.0,2.0,1
B181,1432506,15629406,N,,4.0,1
B181,1432506,15629106,N,,4.0,1
B181,1432506,15629006,Z,1.0,2.5,1
B181,1432506,15628606,Z,1.0,2.5,1
B181,1432506,15628506,,,4.0,1
B181,1432506,15628306,,,4.0,1
B181,1432506,15628206,Z,1.0,2.5,1
B181,1432506,15628106,Z,1.0,2.0,1
B181,1432506,15627906,Z,1.0,2.5,1
B181,1432506,15627806,Z,1.0,2.5,1
B181,1432506,15630306,Z,1.0,3.0,1
B181,1432506,15627706,Z,1.0,2.5,1
B181,1432506,15630506,Z,1.0,2.0,1
B181,1432506,15630706,N,,4.0,1
B181,1432506,15633006,Z,1.0,1.5,1
B181,1432506,15632906,Z,1.0,2.5,1
B181,1432506,15632806,Z,1.0,2.5,1
B181,1432506,15632706,Z,1.0,1.5,1
B181,1432506,15632306,Z,1.0,2.5,1
B181,1432506,15632106,Z,1.0,2.0,1
B181,1432506,15632006,Z,,4.0,1
B181,1432506,15631906,,,4.0,1
B181,1432506,15631806,Z,1.0,3.0,1
B181,1432506,15631706,Z,1.0,2.5,1
B181,1432506,15631606,Z,1.0,1.5,1
B181,1432506,15631406,Z,,,1
B181,1432506,15631306,Z,1.0,3.0,1
B181,1432506,15631206,Z,1.0,2.0,1
B181,1432506,15631006,,,4.0,1
B181,1432506,15630906,,,4.0,1
B181,1432506,15630806,Z,1.0,2.0,1
B181,1432506,15630606,Z,1.0,2.5,1
B181,1432506,15633306,,,4.0,1
B181,1432506,15627606,Z,1.0,3.0,1
B181,1432506,15627406,,,4.0,1
B181,1432506,15642906,Z,1.0,2.5,1
B181,1432506,15642806,,,4.0,1
B191,1432506,16702406,Z,1.0,2.0,1
B191,1432506,16702206,Z,,4.0,1
B191,1432506,16702006,Z,1.0,2.5,1
B191,1432506,16703306,Z,1.0,2.0,1
B191,1432506,16701906,N,,4.0,1
B191,1432506,16700906,Z,1.0,3.0,1
B191,1432506,16701706,Z,1.0,2.5,1
B191,1432506,16701206,Z,1.0,3.0,1
B191,1432506,16702806,,,4.0,1
B191,1432506,16700806,Z,1.0,3.0,1
B191,1432506,16702706,Z,1.0,2.0,1
B191,1432506,16701506,Z,1.0,1.5,1
B191,1432506,16700306,Z,1.0,1.5,1
B191,1432506,16698606,N,,4.0,1
B191,1432506,16700606,Z,1.0,1.5,1
B181,1432506,15643006,Z,1.0,2.0,1
B181,1432506,15627506,Z,1.0,1.5,1
B181,1432506,15643106,Z,1.0,2.5,1
B181,1432506,15643506,,,4.0,1
B181,1432506,15627306,,,4.0,1
B181,1432506,15627206,,,4.0,1
B181,1432506,15627106,Z,1.0,2.0,1
B181,1432506,15627006,Z,1.0,3.0,1
B181,1432506,15626906,,,4.0,1
B181,1432506,15626806,,,4.0,1
B181,1432506,15644906,,,4.0,1
B181,1432506,15644806,Z,1.0,3.0,1
B181,1432506,15644706,N,,4.0,1
B181,1432506,15644506,Z,1.0,3.0,1
B181,1432506,15644406,Z,1.0,2.0,1
B181,1432506,15644306,,,4.0,1
B181,1432506,15644206,Z,1.0,3.0,1
B181,1432506,15644006,Z,1.0,2.5,1
B181,1432506,15643906,Z,1.0,2.0,1
B181,1432506,15643806,Z,1.0,2.0,1
B181,1432506,15643706,Z,1.0,3.0,1
B181,1432506,15643406,Z,1.0,2.5,1
B161,1434606,13020306,Z,1.0,2.0,1
B161,1432506,13020106,Z,1.0,2.5,1
B161,1432506,13022906,Z,1.0,2.0,1
B172,4643006,14794506,Z,1.0,2.5,1
B172,4643006,14947906,Z,1.0,2.0,1
B172,4643006,14285806,Z,1.0,1.5,1
B172,4643006,14283506,Z,1.0,2.5,1
B172,4643006,14794606,Z,,4.0,1
B172,4643006,14271206,Z,1.0,2.0,1
B172,4643006,14294106,Z,1.0,1.5,1
B172,4643006,14309306,Z,1.0,1.5,1
B172,4643006,14317406,,,4.0,1
B172,4643006,14285106,Z,1.0,1.5,1
B172,4643006,14273706,Z,1.0,2.0,1
B172,4643006,14269306,Z,,4.0,1
B172,4643006,14248606,Z,1.0,2.0,1
B172,4643006,14274506,Z,1.0,3.0,1
B172,4643006,14793006,Z,1.0,1.5,1
B172,4643006,14312806,Z,1.0,2.0,1
B172,4643006,14240706,Z,1.0,2.0,1
B192,4643006,16699806,Z,1.0,2.0,1
B162,4643006,13031906,Z,1.0,2.0,1
B162,4643006,13030206,Z,,4.0,1
B162,4643006,13029106,Z,1.0,1.0,1
B162,4643006,13020106,Z,1.0,1.5,1
B162,4643006,13034506,Z,,4.0,1
B162,4643006,13020606,Z,1.0,1.5,1
B162,4643006,13018806,Z,1.0,1.5,1
B162,4643006,13502806,Z,,4.0,1
B162,4643006,13019606,Z,,4.0,1
B162,4643006,13030106,Z,1.0,2.0,1
B162,4643006,13024906,Z,,4.0,1
B162,4643006,13017706,Z,1.0,2.0,1
B162,4643006,13019506,Z,1.0,2.0,1
B162,4643006,13033506,Z,,4.0,1
B162,4643006,13501706,Z,1.0,2.0,1
B162,4643006,13030006,Z,,4.0,1
B162,4643006,13033306,Z,1.0,2.0,1
B162,4643006,13502606,Z,,4.0,1
B162,4643006,13018906,Z,,4.0,1
B172,4643006,14289006,,,4.0,1
B172,4643006,14317006,Z,1.0,1.0,1
B172,4643006,14247606,Z,,4.0,1
B172,4643006,14280506,Z,1.0,2.0,1
B172,4643006,13024306,Z,1.0,2.0,1
B172,4643006,14321206,Z,1.0,1.5,1
B172,4643006,13017006,Z,1.0,1.5,1
B172,4643006,14793706,Z,1.0,1.5,1
B172,4643006,14283206,Z,1.0,2.5,1
B172,4643006,14794806,Z,1.0,2.0,1
B172,4643006,14792806,Z,,4.0,1
B172,4643006,14298506,,,4.0,1
B172,4643006,14293806,Z,1.0,1.5,1
B172,4643006,14260806,Z,1.0,1.0,1
B172,4643006,14299306,Z,1.0,2.0,1
B172,4643006,14795406,Z,1.0,1.5,1
B172,4643006,14287406,Z,1.0,2.0,1
B172,4643006,14252506,Z,1.0,1.5,1
B172,4643006,14288506,Z,1.0,1.5,1
B172,4643006,14283106,Z,1.0,1.5,1
B172,4643006,14310406,Z,1.0,2.0,1
B172,4643006,13032306,Z,1.0,2.0,1
B162,4643006,13018406,Z,1.0,1.5,1
B172,4643006,13017406,Z,1.0,1.5,1
B172,4643006,14792606,Z,1.0,2.0,1
B172,4643006,14292106,Z,,4.0,1
B172,4643006,14319406,Z,1.0,1.5,1
B172,4643006,14275806,Z,1.0,1.5,1
B172,4643006,14794706,Z,1.0,2.0,1
B172,4643006,14286606,Z,1.0,1.5,1
B172,4643006,14257906,Z,1.0,1.5,1
B172,4643006,14248506,Z,1.0,2.0,1
B172,4643006,14294506,Z,1.0,2.0,1
B172,4643006,14303406,Z,1.0,1.5,1
B172,4643006,14254406,Z,1.0,2.5,1
B172,4643006,14245306,Z,1.0,2.0,1
B172,4643006,14247506,Z,1.0,1.5,1
B172,4643006,14795006,Z,,4.0,1
B172,4643006,14303506,Z,1.0,1.5,1
B172,4643006,14794306,Z,1.0,2.0,1
B172,4643006,14308706,,,4.0,1
B172,4643006,14246706,Z,1.0,1.5,1
B172,4643006,14275606,Z,1.0,2.0,1
B162,4643006,13036106,Z,,4.0,1
B162,4643006,13026806,Z,,4.0,1
B162,4643006,13028206,Z,1.0,2.0,1
B172,4643006,14242206,Z,,4.0,1
B172,4643006,14310106,Z,1.0,1.5,1
B172,4643006,14255206,Z,1.0,2.0,1
B172,4643006,14244706,Z,1.0,1.5,1
B172,4643006,14284006,Z,1.0,1.5,1
B172,4643006,14277406,Z,1.0,1.5,1
B172,4643006,14242006,Z,1.0,1.5,1
B172,4643006,14252806,Z,1.0,2.0,1
B172,4643006,14310506,Z,1.0,1.5,1
B172,4643006,14303806,Z,1.0,1.5,1
B172,4643006,14285606,Z,1.0,2.0,1
B172,4643006,14301606,Z,1.0,1.0,1
B172,4643006,14304906,Z,1.0,1.5,1
B172,4643006,14264106,Z,1.0,1.5,1
B172,4643006,14319006,Z,1.0,2.0,1
B172,4643006,14313306,Z,1.0,1.5,1
B172,4643006,14280106,Z,1.0,1.5,1
B172,4643006,14315606,Z,1.0,2.0,1
B172,4643006,14297206,Z,1.0,2.0,1
B172,4643006,14276106,Z,1.0,1.5,1
B172,4643006,14246506,Z,,4.0,1
B172,4643006,14302706,Z,1.0,1.5,1
B172,4643006,14793106,Z,1.0,1.5,1
B172,4643006,14794206,Z,1.0,2.0,1
B172,4643006,14297806,Z,1.0,1.5,1
B172,4643006,14299206,Z,1.0,2.0,1
B172,4643006,14294306,Z,1.0,1.5,1
B172,4643006,14266506,Z,1.0,1.5,1
B172,4643006,14258706,Z,1.0,2.0,1
B172,4643006,14282506,Z,1.0,1.5,1
B172,4643006,14795106,Z,1.0,2.0,1
B172,4643006,14793506,Z,1.0,1.5,1
B172,4643006,14249906,Z,1.0,1.0,1
B172,4643006,14318506,Z,1.0,1.5,1
B172,4643006,14256906,,,4.0,1
B172,4643006,14256006,Z,1.0,1.5,1
B172,4643006,14299706,Z,1.0,1.5,1
B172,4643006,14281906,Z,1.0,2.0,1
B172,4643006,14265306,Z,1.0,1.5,1
B172,4643006,14295106,Z,1.0,1.5,1
B172,4643006,14256506,Z,1.0,1.5,1
B172,4643006,14280906,Z,1.0,1.0,1
B182,4643006,15629706,Z,,4.0,1
B182,4643006,15639406,Z,1.0,1.5,1
B182,4643006,15627106,Z,1.0,1.5,1
B182,4643006,15634206,Z,1.0,1.5,1
B182,4643006,15639706,Z,1.0,2.0,1
B182,4643006,15642506,Z,1.0,2.0,1
B182,4643006,16198606,Z,,4.0,1
B182,4643006,16198406,Z,1.0,2.0,1
B182,4643006,16198706,Z,,4.0,1
B172,4643006,14792706,Z,1.0,2.0,1
B172,4643006,14318406,,,4.0,1
B162,4643006,13020506,Z,1.0,2.5,1
B162,4643006,13021806,Z,1.0,1.5,1
B162,4643006,13036906,Z,1.0,1.5,1
B162,4643006,13025206,Z,1.0,1.5,1
B162,4643006,13031606,Z,1.0,2.0,1
B162,4643006,13020206,Z,1.0,2.0,1
B182,4643006,16197206,Z,1.0,2.0,1
B172,4643006,14319106,Z,1.0,1.5,1
B182,4643006,15628106,Z,1.0,2.0,1
B182,4643006,15637806,Z,1.0,2.0,1
B172,4643006,14259906,Z,1.0,1.5,1
B172,4643006,14280206,Z,1.0,2.0,1
B172,4643006,14296706,Z,1.0,1.5,1
B172,4643006,14288006,Z,,4.0,1
B192,4643006,16694406,Z,1.0,1.5,1
B182,4643006,15638006,Z,1.0,2.0,1
B182,4643006,15627506,Z,1.0,2.0,1
B182,4643006,15640306,Z,1.0,1.5,1
B182,4643006,15642206,Z,,4.0,1
B182,4643006,15643706,Z,,4.0,1
B182,4643006,15638906,Z,,4.0,1
B182,4643006,15631706,Z,,4.0,1
B182,4643006,15642706,Z,1.0,1.5,1
B182,4643006,15641006,Z,1.0,1.5,1
B182,4643006,15640006,Z,1.0,1.5,1
B182,4643006,15627706,Z,,4.0,1
B182,4643006,15631806,Z,1.0,2.0,1
B182,4643006,16196706,Z,1.0,2.5,1
B172,4643006,14276006,Z,1.0,1.5,1
B172,4643006,14320706,Z,1.0,2.0,1
B172,4643006,14277806,Z,1.0,1.5,1
B162,4643006,13020706,Z,,,1
B162,4643006,13020406,Z,,4.0,1
B162,4643006,13028906,Z,,4.0,1
B162,4643006,13023806,Z,1.0,1.5,1
B162,4643006,13020006,Z,1.0,2.0,1
B162,4643006,13019906,Z,1.0,1.5,1
B162,4643006,13019806,Z,1.0,2.0,1
B162,4643006,13020806,Z,1.0,1.5,1
B162,4643006,13019706,Z,1.0,2.0,1
B162,4643006,13032906,Z,1.0,2.0,1
B162,4643006,13032806,Z,1.0,1.0,1
B162,4643006,13032706,Z,1.0,1.0,1
B162,4643006,13032606,,,4.0,1
B162,4643006,13032506,Z,1.0,1.5,1
B162,4643006,13019406,Z,1.0,2.0,1
B162,4643006,13019306,Z,1.0,2.0,1
B162,4643006,13033006,Z,,4.0,1
B162,4643006,13020906,Z,1.0,1.5,1
B162,4643006,13021106,Z,,,1
B162,4643006,13021206,,,4.0,1
B162,4643006,13022506,Z,1.0,2.0,1
B162,4643006,13022406,Z,1.0,1.0,1
B162,4643006,13022206,Z,1.0,2.0,1
B162,4643006,13022106,Z,1.0,2.0,1
B162,4643006,13021906,Z,1.0,2.0,1
B162,4643006,13021706,Z,,4.0,1
B162,4643006,13021606,Z,1.0,1.0,1
B162,4643006,13035106,Z,1.0,1.0,1
B162,4643006,13034406,Z,1.0,2.5,1
B162,4643006,13034206,Z,1.0,2.0,1
B162,4643006,13034106,Z,1.0,1.5,1
B162,4643006,13018206,Z,,4.0,1
B162,4643006,13026006,Z,1.0,1.5,1
B162,4643006,13033906,Z,1.0,1.5,1
B162,4643006,13033606,Z,,4.0,1
B162,4643006,13021506,Z,1.0,1.5,1
B162,4643006,13021306,Z,,4.0,1
B162,4643006,13019206,Z,1.0,2.5,1
B162,4643006,13019106,Z,1.0,1.5,1
B162,4643006,13019006,Z,1.0,1.5,1
B162,4643006,13018506,Z,1.0,1.0,1
B162,4643006,13029406,Z,1.0,2.5,1
B162,4643006,13029206,,,4.0,1
B162,4643006,13029006,Z,1.0,2.0,1
B162,4643006,13028806,Z,1.0,1.5,1
B162,4643006,13028706,Z,,4.0,1
B162,4643006,13028606,Z,,4.0,1
B162,4643006,13028406,Z,1.0,1.5,1
B162,4643006,13035606,Z,1.0,2.0,1
B162,4643006,13028306,Z,1.0,2.0,1
B162,4643006,13027906,Z,1.0,1.5,1
B162,4643006,13027806,Z,1.0,1.5,1
B162,4643006,13027506,Z,1.0,2.5,1
B162,4643006,13027406,Z,1.0,2.0,1
B162,4643006,13027306,,,4.0,1
B162,4643006,13026906,Z,1.0,2.0,1
B162,4643006,13026706,Z,1.0,2.0,1
B162,4643006,13026606,Z,,4.0,1
B162,4643006,13029506,Z,1.0,2.0,1
B162,4643006,13022606,Z,1.0,1.5,1
B162,4643006,13029606,Z,1.0,1.5,1
B162,4643006,13502506,Z,1.0,2.0,1
B162,4643006,13018306,,,4.0,1
B162,4643006,13018106,Z,1.0,2.0,1
B162,4643006,13017906,Z,1.0,2.0,1
B162,4643006,13017806,Z,1.0,1.5,1
B162,4643006,13017606,Z,,4.0,1
B162,4643006,13017506,Z,1.0,2.0,1
B162,4643006,13017206,Z,1.0,1.5,1
B162,4643006,13017106,Z,1.0,2.0,1
B162,4643006,13016906,Z,1.0,1.5,1
B162,4643006,13032106,Z,,4.0,1
B162,4643006,13032006,Z,1.0,2.5,1
B162,4643006,13031806,Z,1.0,1.0,1
B162,4643006,13031706,Z,1.0,2.0,1
B162,4643006,13031406,Z,1.0,1.5,1
B162,4643006,13031106,Z,1.0,2.0,1
B162,4643006,13030706,Z,1.0,2.5,1
B162,4643006,13026306,,,4.0,1
B162,4643006,13030606,Z,1.0,2.0,1
B162,4643006,13022806,Z,1.0,1.5,1
B162,4643006,13022906,Z,1.0,1.5,1
B162,4643006,13023006,Z,,4.0,1
B162,4643006,13036206,Z,1.0,2.0,1
B162,4643006,13025306,Z,1.0,1.0,1
B162,4643006,13033706,Z,1.0,2.0,1
B162,4643006,13498406,Z,,4.0,1
B162,4643006,13034306,Z,1.0,2.0,1
B162,4643006,13032406,Z,1.0,2.0,1
B162,4643006,13022306,Z,1.0,3.0,1
B162,4643006,13031306,Z,,,1
B162,4643006,13502106,,,4.0,1
B162,4643006,13499206,Z,1.0,1.5,1
B162,4643006,13022006,Z,1.0,1.5,1
B162,4643006,13035006,Z,1.0,3.0,1
B162,4643006,13025806,Z,1.0,1.0,1
B162,4643006,13025706,Z,1.0,1.5,1
B162,4643006,13025606,Z,1.0,2.0,1
B162,4643006,13025506,Z,1.0,1.0,1
B162,4643006,13025006,Z,,4.0,1
B162,4643006,13029906,Z,1.0,1.5,1
B162,4643006,13024706,Z,1.0,1.5,1
B172,4643006,14300906,Z,1.0,1.0,1
B172,4643006,14298706,Z,1.0,2.0,1
B172,4643006,14244906,Z,1.0,1.5,1
B172,4643006,14285906,Z,1.0,2.0,1
B172,4643006,14253006,Z,1.0,1.5,1
B172,4643006,14274706,Z,1.0,2.0,1
B172,4643006,14271606,Z,1.0,1.5,1
B172,4643006,14249606,Z,1.0,1.5,1
B172,4643006,13025106,Z,1.0,1.5,1
B172,4643006,14246406,Z,1.0,2.0,1
B172,4643006,14279206,Z,1.0,1.5,1
B172,4643006,14242506,Z,,4.0,1
B172,4643006,14245006,Z,1.0,1.5,1
B172,4643006,14795206,Z,1.0,2.0,1
B172,4643006,14260906,Z,1.0,1.5,1
B172,4643006,14302006,Z,1.0,1.5,1
B172,4643006,14306006,Z,1.0,1.5,1
B172,4643006,14311806,Z,1.0,1.5,1
B172,4643006,14793906,Z,1.0,1.5,1
B172,4643006,14300506,Z,1.0,2.0,1
B172,4643006,14309106,Z,1.0,1.5,1
B162,4643006,13024506,Z,1.0,2.5,1
B162,4643006,13022706,Z,1.0,2.0,1
B162,4643006,13500806,Z,1.0,1.5,1
B162,4643006,13500606,Z,1.0,1.5,1
B162,4643006,13500306,Z,,4.0,1
B162,4643006,13500206,Z,1.0,2.0,1
B162,4643006,13499806,Z,,4.0,1
B162,4643006,13499706,Z,1.0,1.5,1
B162,4643006,13499506,Z,1.0,2.0,1
B162,4643006,13498906,,,4.0,1
B162,4643006,13498806,Z,1.0,1.5,1
B162,4643006,13498506,Z,,4.0,1
B162,4643006,13498306,Z,,4.0,1
B162,4643006,13502706,Z,1.0,2.0,1
B162,4643006,13036606,Z,,4.0,1
B162,4643006,13036306,,,4.0,1
B162,4643006,13024606,Z,1.0,1.0,1
B162,4643006,13023206,Z,1.0,1.5,1
B162,4643006,13023106,Z,1.0,2.0,1
B162,4643006,13500906,Z,,4.0,1
B162,4643006,13024406,Z,1.0,1.5,1
B162,4643006,13501006,Z,,4.0,1
B162,4643006,13498706,Z,1.0,2.0,1
B162,4643006,13024206,Z,1.0,2.0,1
B162,4643006,13024006,Z,1.0,1.5,1
B162,4643006,13023906,Z,1.0,1.0,1
B162,4643006,13023606,Z,,4.0,1
B162,4643006,13017306,Z,1.0,1.5,1
B162,4643006,13018706,Z,1.0,2.0,1
B162,4643006,13018006,Z,1.0,2.0,1
B162,4643006,13032206,Z,1.0,2.5,1
B162,4643006,13031506,Z,1.0,1.5,1
B162,4643006,13029706,Z,1.0,2.0,1
B162,4643006,13028106,Z,1.0,2.0,1
B162,4643006,13027206,Z,,4.0,1
B162,4643006,13033206,Z,1.0,2.0,1
B162,4643006,13020306,Z,1.0,1.5,1
B162,4643006,13502306,Z,1.0,1.5,1
B162,4643006,13501906,,,4.0,1
B162,4643006,13499606,Z,1.0,1.5,1
B162,4643006,13501606,Z,1.0,2.0,1
B161,1432506,13020206,Z,1.0,1.5,1
B172,4643006,14250506,Z,1.0,1.5,1
B172,4643006,14315106,Z,1.0,1.5,1
B192,4643006,17206506,Z,1.0,2.5,1
B192,4643006,17204506,Z,1.0,1.5,1
B192,4643006,16703706,Z,1.0,1.5,1
B192,4643006,16696606,Z,1.0,2.0,1
B192,4643006,16704006,Z,1.0,2.0,1
B192,4643006,16700906,Z,1.0,2.0,1
B192,4643006,16701606,Z,1.0,2.0,1
B192,4643006,16696506,Z,1.0,1.5,1
B192,4643006,16701506,Z,1.0,2.0,1
B192,4643006,15641106,Z,1.0,1.5,1
B192,4643006,16688606,Z,1.0,2.5,1
B192,4643006,16702706,Z,1.0,1.0,1
B192,4643006,16689406,Z,1.0,1.5,1
B192,4643006,16688506,Z,1.0,1.5,1
B192,4643006,15634406,Z,1.0,2.5,1
B192,4643006,17206806,Z,1.0,1.5,1
B192,4643006,16694206,Z,1.0,2.5,1
B192,4643006,16703206,Z,1.0,1.5,1
B192,4643006,16692206,Z,1.0,3.0,1
B192,4643006,16692906,Z,1.0,2.0,1
B192,4643006,17204906,Z,1.0,2.5,1
B192,4643006,16693706,Z,1.0,3.0,1
B192,4643006,17204306,Z,1.0,2.0,1
B192,4643006,16702406,Z,1.0,1.5,1
B192,4643006,16689706,Z,1.0,1.5,1
B192,4643006,16697906,Z,1.0,1.5,1
B192,4643006,16697806,Z,1.0,2.5,1
B192,4643006,16701406,Z,1.0,2.5,1
B192,4643006,16688906,Z,1.0,1.5,1
B192,4643006,17212606,Z,1.0,2.5,1
B192,4643006,16694306,Z,1.0,2.5,1
B192,4643006,16691306,Z,1.0,2.0,1
B192,4643006,17204706,Z,1.0,1.5,1
B192,4643006,16697406,,,4.0,1
B192,4643006,16703106,Z,1.0,2.5,1
B192,4643006,16688206,Z,1.0,1.5,1
B192,4643006,17204606,Z,1.0,2.5,1
B192,4643006,16696706,Z,1.0,3.0,1
B192,4643006,16695306,Z,1.0,2.5,1
B192,4643006,16699506,Z,1.0,1.0,1
B192,4643006,16699406,Z,1.0,2.0,1
B192,4643006,16702806,Z,1.0,3.0,1
B192,4643006,16698406,Z,1.0,2.5,1
B192,4643006,16689106,Z,1.0,2.0,1
B192,4643006,16694006,Z,1.0,1.5,1
B192,4643006,16694806,Z,1.0,2.5,1
B192,4643006,17206706,Z,1.0,2.0,1
B192,4643006,16701906,Z,1.0,1.5,1
B192,4643006,16691706,Z,1.0,1.5,1
B192,4643006,16691106,Z,1.0,3.0,1
B192,4643006,16699306,Z,1.0,2.0,1
B192,4643006,16692306,Z,1.0,3.0,1
B192,4643006,16695106,Z,1.0,2.0,1
B192,4643006,16695506,Z,1.0,2.5,1
B192,4643006,15637206,,,4.0,1
B192,4643006,16690906,Z,1.0,3.0,1
B192,4643006,17205806,Z,1.0,1.5,1
B192,4643006,16693106,Z,1.0,2.0,1
B192,4643006,16688006,Z,1.0,2.0,1
B192,4643006,17205706,Z,1.0,2.0,1
B192,4643006,16688306,Z,1.0,2.5,1
B192,4643006,16696806,Z,1.0,2.0,1
B192,4643006,16700406,Z,1.0,2.5,1
B192,4643006,16693806,Z,1.0,1.5,1
B192,4643006,17205306,Z,1.0,2.0,1
B192,4643006,16699906,Z,1.0,2.5,1
B192,4643006,16701706,Z,1.0,1.5,1
B192,4643006,16691406,Z,1.0,2.0,1
B192,4643006,17206206,Z,1.0,2.0,1
B192,4643006,16690206,Z,1.0,2.5,1
B192,4643006,16694506,Z,1.0,2.5,1
B192,4643006,16700606,Z,1.0,1.0,1
B192,4643006,16690406,Z,1.0,2.0,1
B192,4643006,16699206,Z,1.0,1.5,1
B192,4643006,16703806,Z,1.0,2.0,1
B192,4643006,16701206,Z,1.0,3.0,1
B192,4643006,16697506,Z,1.0,2.5,1
B192,4643006,17205206,Z,1.0,2.5,1
B192,4643006,16694906,Z,1.0,2.0,1
B192,4643006,16700706,Z,1.0,1.5,1
B192,4643006,16692806,Z,1.0,3.0,1
B192,4643006,16699706,Z,1.0,2.5,1
B192,4643006,17206906,Z,1.0,2.5,1
B161,1432506,13033606,,,4.0,1
B161,1432506,13019406,Z,1.0,1.5,1
B161,1432506,13020406,Z,1.0,1.5,1
B161,1432506,13035706,,,4.0,1
B161,1432506,13028706,Z,1.0,2.5,1
B161,1432506,13024106,,,4.0,1
B161,1432506,13026306,,,4.0,1
B161,1432506,13025206,,,4.0,1
B161,1432506,13026506,,,4.0,1
B161,1432506,13018206,N,,4.0,1
B161,1432506,13023706,,,4.0,1
B161,1432506,13034506,Z,1.0,2.5,1
B161,1432506,13022106,Z,1.0,1.5,1
B161,1432506,13017306,Z,1.0,1.0,1
B161,1432506,13026606,Z,1.0,2.0,1
B161,1432506,13028506,,,4.0,1
B161,1432506,13019706,Z,1.0,2.0,1
B161,1432506,13022606,Z,1.0,1.0,1
B161,1432506,13017606,Z,1.0,2.0,1
B161,1432506,13028606,Z,1.0,2.5,1
B161,1432506,13036706,Z,,,1
B161,1432506,13030206,Z,1.0,2.0,1
B161,1432506,13018406,Z,1.0,2.0,1
B161,1432506,13029406,,,4.0,1
B161,1432506,13017706,Z,1.0,2.0,1
B161,1432506,13024206,Z,1.0,2.0,1
B161,1432506,13021106,N,,4.0,1
B161,1432506,13031306,,,4.0,1
B161,1432506,13035506,,,4.0,1
B161,1432506,13029906,N,,4.0,1
B161,1432506,13019606,Z,1.0,2.5,1
B161,1432506,13023606,Z,1.0,2.0,1
B161,1432506,13020606,Z,1.0,2.0,1
B161,1432506,13030806,,,4.0,1
B161,1432506,13021706,,,4.0,1
B161,1432506,13024406,Z,1.0,2.5,1
B161,1432506,13036606,Z,1.0,1.5,1
B161,1432506,13026106,N,,4.0,1
B161,1432506,13036806,N,,4.0,1
B192,4643006,15638306,Z,1.0,2.0,1
B161,1432506,13034306,Z,1.0,2.0,1
B161,1432506,13022706,Z,1.0,2.0,1
B161,1432506,13034106,Z,1.0,3.0,1
B161,1432506,13022206,Z,1.0,1.0,1
B161,1432506,13030606,Z,1.0,2.5,1
B161,1432506,13018606,,,4.0,1
B161,1432506,13026206,N,,4.0,1
B161,1432506,13023906,Z,1.0,1.5,1
B161,1432506,13022306,Z,1.0,2.0,1
B161,1432506,13036906,Z,1.0,2.0,1
B161,1432506,13501506,N,,4.0,1
B192,4643006,16702906,Z,1.0,2.5,1
B192,4643006,17204006,Z,1.0,2.5,1
B192,4643006,17205906,Z,1.0,3.0,1
B192,4643006,16698206,Z,,,1
B192,4643006,16695606,Z,1.0,1.0,1
B192,4643006,16696106,,,4.0,1
B192,4643006,16691506,Z,1.0,3.0,1
B192,4643006,16693906,Z,1.0,2.0,1
B161,1432506,13028006,,,4.0,1
B161,1432506,13033106,,,4.0,1
B161,1432506,13021206,Z,1.0,2.5,1
B161,1432506,13019906,Z,1.0,2.0,1
B161,1432506,13027306,,,4.0,1
B161,1432506,13020306,Z,1.0,1.5,1
B161,1432506,13017506,Z,1.0,2.0,1
B161,1432506,13031806,Z,1.0,1.5,1
B161,1432506,13036006,,,4.0,1
B161,1432506,13030406,,,4.0,1
B161,1432506,13028806,Z,1.0,1.5,1
B161,1432506,13034206,Z,1.0,1.5,1
B161,1432506,13025106,Z,1.0,2.0,1
B161,1432506,13022406,Z,1.0,1.0,1
B161,1432506,13033806,,,4.0,1
B161,1432506,13020906,Z,1.0,1.5,1
B161,1432506,13035906,,,4.0,1
B161,1432506,13022506,Z,1.0,2.0,1
B161,1432506,13027406,Z,1.0,1.5,1
B161,1432506,13018006,Z,1.0,2.0,1
B161,1432506,13032706,Z,1.0,1.0,1
B161,1432506,13023806,Z,1.0,1.5,1
B172,4643006,14282806,Z,1.0,2.0,1
B192,4643006,16700006,Z,1.0,2.5,1
B192,4643006,16701806,Z,1.0,2.0,1
B182,4643006,15626506,Z,1.0,1.5,1
B182,4643006,15626206,Z,1.0,1.0,1
B182,4643006,15629906,Z,1.0,1.5,1
B182,4643006,15629506,Z,1.0,1.5,1
B182,4643006,15627906,Z,,4.0,1
B182,4643006,15640506,Z,1.0,1.0,1
B182,4643006,15640706,Z,1.0,2.0,1
B182,4643006,15640406,Z,1.0,1.0,1
B182,4643006,15638406,Z,,4.0,1
B182,4643006,15625806,Z,1.0,1.5,1
B182,4643006,15639806,Z,1.0,2.0,1
B182,4643006,15639606,Z,,4.0,1
B182,4643006,15631306,Z,1.0,2.0,1
B182,4643006,15641206,Z,1.0,1.0,1
B182,4643006,15631506,,,4.0,1
B182,4643006,15634006,Z,1.0,2.0,1
B182,4643006,15632106,Z,1.0,1.5,1
B182,4643006,15630806,Z,1.0,1.5,1
B182,4643006,15630506,Z,1.0,1.5,1
B182,4643006,15628806,Z,1.0,2.5,1
B182,4643006,15640806,Z,1.0,1.5,1
B182,4643006,15633906,Z,,4.0,1
B182,4643006,15627606,Z,1.0,2.0,1
B182,4643006,15638706,Z,1.0,2.0,1
B182,4643006,15633006,Z,1.0,2.0,1
B182,4643006,15632806,Z,1.0,1.5,1
B182,4643006,15629806,Z,,4.0,1
B182,4643006,15633706,Z,1.0,1.5,1
B182,4643006,15633606,Z,1.0,1.5,1
B182,4643006,15640906,Z,1.0,2.5,1
B182,4643006,15629106,Z,1.0,2.0,1
B182,4643006,15642406,Z,1.0,2.0,1
B182,4643006,15626406,Z,1.0,1.5,1
B182,4643006,15633306,,,4.0,1
B182,4643006,15634906,Z,1.0,1.5,1
B182,4643006,15645006,Z,1.0,3.0,1
B182,4643006,15641306,Z,1.0,2.0,1
B182,4643006,16196806,Z,1.0,2.0,1
B182,4643006,15632306,Z,1.0,2.0,1
B182,4643006,15633106,Z,1.0,1.5,1
B182,4643006,15626106,Z,1.0,1.0,1
B182,4643006,15625906,Z,1.0,2.0,1
B182,4643006,15628606,Z,1.0,1.5,1
B182,4643006,15639206,Z,,4.0,1
B182,4643006,15642306,Z,1.0,1.5,1
B182,4643006,15639906,Z,1.0,2.0,1
B182,4643006,15635006,Z,,4.0,1
B182,4643006,16198806,Z,1.0,2.0,1
B182,4643006,15638806,Z,,4.0,1
B182,4643006,15636906,Z,,4.0,1
B182,4643006,15632006,Z,1.0,2.0,1
B182,4643006,14300706,Z,1.0,2.0,1
B182,4643006,16196506,Z,,4.0,1
B182,4643006,14281706,Z,1.0,1.5,1
B182,4643006,15635106,Z,,4.0,1
B172,4643006,14244406,Z,1.0,1.5,1
B172,4643006,14308806,Z,1.0,1.5,1
B172,4643006,14261606,Z,1.0,1.5,1
B182,4643006,14301006,,,4.0,1
B182,4643006,16198906,Z,1.0,2.5,1
B182,4643006,15635706,Z,1.0,2.0,1
B182,4643006,15642606,Z,1.0,2.0,1
B182,4643006,15632506,Z,1.0,1.5,1
B182,4643006,15634306,Z,1.0,1.5,1
B182,4643006,15630606,Z,,4.0,1
B182,4643006,15631606,Z,1.0,1.5,1
B182,4643006,15643006,Z,1.0,2.0,1
B182,4643006,14766006,,,4.0,1
B182,4643006,15644806,Z,1.0,2.5,1
B182,4643006,15636206,Z,,4.0,1
B182,4643006,15637306,Z,,4.0,1
B182,4643006,15639106,Z,,4.0,1
B182,4643006,15628906,,,4.0,1
B192,4643006,15636706,Z,1.0,1.5,1
B192,4643006,16691806,Z,1.0,2.5,1
B192,4643006,16690506,Z,1.0,2.5,1
B182,4643006,15637006,Z,1.0,2.0,1
B182,4643006,15636306,Z,,4.0,1
B182,4643006,15633806,Z,1.0,1.5,1
B182,4643006,15644006,Z,1.0,2.0,1
B182,4643006,16197806,Z,1.0,2.0,1
B182,4643006,15644406,Z,1.0,2.0,1
B182,4643006,15641506,Z,1.0,2.0,1
B192,4643006,15631106,Z,1.0,2.5,1
B192,4643006,16695006,Z,1.0,2.0,1
B192,4643006,16696006,Z,1.0,2.5,1
B192,4643006,16687906,Z,1.0,1.0,1
B192,4643006,16692106,Z,1.0,1.5,1
B192,4643006,16695906,Z,1.0,1.0,1
B192,4643006,16688706,Z,1.0,1.0,1
B192,4643006,16698706,Z,1.0,2.0,1
B182,4643006,15639306,Z,1.0,2.0,1
B182,4643006,15632206,Z,1.0,1.5,1
B182,4643006,15710506,Z,1.0,2.0,1
B182,4643006,15632906,Z,1.0,2.0,1
B182,4643006,15625606,,,4.0,1
B182,4643006,15638106,Z,1.0,2.0,1
B182,4643006,15636506,Z,1.0,2.0,1
B182,4643006,16197306,Z,1.0,1.5,1
B182,4643006,15642806,Z,,4.0,1
B192,4643006,16700306,Z,1.0,1.0,1
B182,4643006,15644506,Z,1.0,2.0,1
B192,4643006,16690106,Z,1.0,2.0,1
B192,4643006,16702606,Z,1.0,2.0,1
B192,4643006,16689606,Z,1.0,2.5,1
B192,4643006,16688406,Z,1.0,3.0,1
B192,4643006,17205006,Z,1.0,1.5,1
B192,4643006,16691206,Z,1.0,2.0,1
B192,4643006,16697106,Z,1.0,1.0,1
B192,4643006,16697206,Z,1.0,2.0,1
B192,4643006,16695706,Z,1.0,2.0,1
B192,4643006,16702006,Z,1.0,2.5,1
B192,4643006,16698106,Z,1.0,2.5,1
B192,4643006,17205506,Z,1.0,2.0,1
B192,4643006,16692706,Z,1.0,2.0,1
B192,4643006,16702306,Z,1.0,2.5,1
B192,4643006,16696206,Z,1.0,3.0,1
B192,4643006,15630106,Z,1.0,1.0,1
B192,4643006,16695806,Z,1.0,1.5,1
B192,4643006,16698306,Z,1.0,1.5,1
B192,4643006,16699606,Z,1.0,2.0,1
B192,4643006,16695406,Z,1.0,2.5,1
B192,4643006,16696906,Z,1.0,3.0,1
B182,4643006,15629206,Z,,4.0,1
B182,4643006,15635306,Z,1.0,2.0,1
B182,4643006,15641406,Z,1.0,1.5,1
B182,4643006,15642906,Z,1.0,1.5,1
B182,4643006,16197006,Z,1.0,2.0,1
B182,4643006,15628206,Z,1.0,2.5,1
B182,4643006,15626006,Z,1.0,1.0,1
B182,4643006,15639506,Z,,4.0,1
B182,4643006,15641906,Z,1.0,1.5,1
B182,4643006,15641706,Z,1.0,1.5,1
B182,4643006,15635806,,,4.0,1
B182,4643006,15634806,Z,1.0,2.0,1
B182,4643006,15627006,Z,,4.0,1
B182,4643006,15640206,Z,,4.0,1
B182,4643006,15628006,Z,,4.0,1
B182,4643006,15629606,Z,,4.0,1
B182,4643006,15639006,Z,,4.0,1
B182,4643006,15626606,Z,1.0,2.5,1
B182,4643006,15641606,Z,1.0,1.5,1
B182,4643006,15633506,Z,,4.0,1
B182,4643006,15643906,Z,1.0,1.5,1
B182,4643006,15640606,Z,1.0,2.0,1
B182,4643006,15636106,Z,1.0,1.5,1
B182,4643006,15635406,Z,1.0,1.5,1
B182,4643006,15635206,Z,1.0,2.0,1
B182,4643006,15643106,Z,1.0,2.5,1
B182,4643006,15642106,Z,,4.0,1
B182,4643006,16198106,Z,,4.0,1
B182,4643006,15644206,Z,,4.0,1
B182,4643006,15643406,Z,1.0,2.0,1
B182,4643006,15637506,Z,1.0,2.0,1
B182,4643006,15631206,Z,1.0,1.0,1
B182,4643006,15643806,,,4.0,1
B182,4643006,15634506,Z,1.0,1.5,1
B182,4643006,16198506,Z,1.0,2.0,1
B182,4643006,15627806,Z,1.0,1.5,1
B182,4643006,15629006,Z,1.0,2.0,1
B182,4643006,15630306,Z,1.0,2.5,1
B182,4643006,16197606,Z,1.0,2.0,1
B182,4643006,15635606,Z,1.0,2.0,1
B182,4643006,15637706,Z,,4.0,1
B161,1434606,13022706,Z,1.0,2.5,1
B191,1432506,17205906,Z,1.0,2.0,1
B161,1434606,13034306,Z,1.0,2.5,1
B162,4661406,13501106,Z,1.0,3.0,1
B162,4661406,13501006,Z,1.0,2.5,1
B162,4661406,13500806,Z,1.0,2.0,1
B162,4661406,13500306,Z,1.0,3.0,1
B162,4661406,13500206,Z,1.0,2.0,1
B162,4661406,13499806,Z,1.0,2.5,1
B162,4661406,13499706,Z,1.0,2.0,1
B162,4661406,13035206,Z,1.0,3.0,1
B162,4661406,13499606,Z,1.0,1.5,1
B162,4661406,13499506,Z,1.0,2.5,1
B162,4661406,13498706,Z,1.0,2.5,1
B162,4661406,13498506,Z,1.0,2.0,1
B162,4661406,13498406,Z,1.0,3.0,1
B162,4661406,13498306,Z,1.0,2.0,1
B162,4661406,13502806,Z,,4.0,1
B162,4661406,13036606,Z,1.0,2.5,1
B162,4661406,13036306,Z,1.0,3.0,1
B162,4661406,13501206,Z,1.0,2.5,1
B162,4661406,13036106,Z,1.0,2.5,1
B162,4661406,13501606,Z,1.0,2.5,1
B162,4661406,13033306,Z,1.0,2.5,1
B162,4661406,13025606,Z,1.0,2.0,1
B162,4661406,13025306,Z,1.0,1.5,1
B162,4661406,13025106,Z,1.0,2.5,1
B162,4661406,13024906,Z,1.0,3.0,1
B162,4661406,13024706,Z,1.0,3.0,1
B162,4661406,13024606,Z,1.0,1.0,1
B162,4661406,13024506,Z,1.0,2.5,1
B162,4661406,13024406,Z,1.0,2.5,1
B162,4661406,13024206,Z,1.0,2.0,1
B162,4661406,13023606,Z,1.0,3.0,1
B162,4661406,13027706,Z,,4.0,1
B162,4661406,13023806,Z,1.0,2.5,1
B162,4661406,13035006,Z,1.0,2.0,1
B162,4661406,13502606,Z,1.0,1.5,1
B162,4661406,13502506,Z,1.0,2.5,1
B162,4661406,13502306,Z,1.0,3.0,1
B162,4661406,13501906,Z,,4.0,1
B162,4661406,13501706,Z,1.0,2.0,1
B162,4661406,13025806,Z,1.0,1.5,1
B162,4661406,13035606,Z,1.0,2.5,1
B162,4661406,13023106,Z,1.0,2.5,1
B162,4661406,13020806,Z,1.0,1.5,1
B162,4661406,13020606,Z,1.0,1.5,1
B162,4661406,13020506,Z,1.0,2.5,1
B162,4661406,13020406,Z,1.0,2.5,1
B162,4661406,13020206,Z,1.0,1.5,1
B162,4661406,13020106,Z,1.0,2.0,1
B162,4661406,13019906,Z,1.0,2.0,1
B162,4661406,13019806,Z,1.0,2.5,1
B162,4661406,13019706,Z,1.0,3.0,1
B162,4661406,13033206,Z,1.0,2.0,1
B162,4661406,13032906,Z,1.0,2.0,1
B162,4661406,13032806,N,,4.0,1
B162,4661406,13032706,Z,1.0,1.0,1
B162,4661406,13032606,Z,1.0,2.5,1
B162,4661406,13032506,Z,1.0,2.0,1
B162,4661406,13019506,Z,1.0,2.5,1
B162,4661406,13019406,Z,1.0,2.0,1
B162,4661406,13020906,Z,1.0,2.5,1
B162,4661406,13023206,Z,1.0,2.0,1
B162,4661406,13021106,Z,1.0,2.5,1
B162,4661406,13021506,Z,1.0,1.0,1
B162,4661406,13023006,Z,1.0,2.5,1
B162,4661406,13022806,Z,1.0,2.5,1
B162,4661406,13022706,Z,1.0,2.5,1
B162,4661406,13022606,Z,1.0,1.0,1
B162,4661406,13022506,Z,1.0,1.5,1
B162,4661406,13033506,Z,1.0,3.0,1
B162,4661406,13022306,Z,1.0,3.0,1
B162,4661406,13022206,Z,1.0,1.0,1
B162,4661406,13022106,Z,1.0,2.0,1
B162,4661406,13021806,Z,1.0,2.0,1
B162,4661406,13021706,Z,1.0,3.0,1
B162,4661406,13021606,Z,1.0,1.5,1
B162,4661406,13034506,Z,1.0,2.5,1
B162,4661406,13034406,N,,4.0,1
B162,4661406,13034306,Z,1.0,2.5,1
B162,4661406,13033706,Z,1.0,2.5,1
B162,4661406,13033606,Z,1.0,3.0,1
B162,4661406,13021306,Z,1.0,2.5,1
B162,4661406,13026006,Z,1.0,2.0,1
B162,4661406,13026306,N,,4.0,1
B162,4661406,13502106,N,,4.0,1
B172,4661406,14274706,Z,1.0,2.0,1
B172,4661406,14299306,Z,1.0,2.0,1
B172,4661406,14309106,Z,1.0,2.5,1
B172,4661406,14277806,Z,1.0,2.5,1
B172,4661406,14793106,Z,1.0,1.5,1
B172,4661406,14299206,Z,1.0,2.5,1
B172,4661406,14294306,Z,1.0,2.0,1
B172,4661406,14287406,Z,1.0,2.5,1
B172,4661406,14271606,Z,1.0,2.0,1
B172,4661406,14281906,Z,,4.0,1
B172,4661406,14276106,Z,1.0,3.0,1
B172,4661406,14288006,Z,1.0,1.0,1
B172,4661406,14296706,Z,1.0,2.0,1
B162,4661406,13021206,Z,1.0,2.5,1
B162,4661406,13031706,Z,1.0,2.5,1
B162,4661406,13026606,Z,1.0,2.0,1
B162,4661406,13022906,Z,1.0,2.5,1
B172,4661406,14283106,Z,1.0,1.5,1
B162,4661406,13023906,Z,1.0,1.0,1
B172,4661406,14293806,Z,1.0,3.0,1
B172,4661406,14792806,Z,1.0,3.0,1
B172,4661406,14250506,Z,1.0,2.0,1
B172,4661406,14302706,Z,1.0,2.0,1
B172,4661406,14298706,Z,1.0,1.0,1
B172,4661406,14793706,Z,1.0,2.5,1
B172,4661406,14282506,Z,1.0,3.0,1
B172,4661406,14285606,Z,1.0,2.0,1
B172,4661406,14249906,Z,1.0,2.5,1
B172,4661406,14795106,Z,1.0,2.0,1
B172,4661406,14252506,Z,1.0,2.0,1
B172,4661406,14246506,Z,1.0,2.5,1
B172,4661406,14304906,Z,,4.0,1
B172,4661406,14276006,Z,1.0,1.5,1
B172,4661406,14279206,Z,1.0,2.0,1
B172,4661406,14311806,Z,1.0,1.0,1
B172,4661406,14244906,Z,1.0,2.0,1
B172,4661406,14244406,Z,1.0,2.5,1
B172,4661406,14794806,Z,,4.0,1
B172,4661406,14298506,Z,,,1
B162,4661406,13498906,Z,1.0,3.0,1
B162,4661406,13028706,Z,1.0,1.5,1
B162,4661406,13031506,Z,1.0,2.0,1
B162,4661406,13022406,Z,1.0,1.0,1
B162,4661406,13027506,Z,1.0,2.0,1
B162,4661406,13034206,Z,1.0,2.5,1
B162,4661406,13021906,Z,1.0,1.5,1
B162,4661406,13027206,Z,1.0,2.5,1
B162,4661406,13017706,Z,1.0,2.5,1
B162,4661406,13019606,Z,1.0,2.5,1
B162,4661406,13024006,Z,1.0,1.0,1
B162,4661406,13499206,Z,1.0,1.5,1
B162,4661406,13029606,Z,1.0,2.0,1
B162,4661406,13500606,Z,1.0,2.5,1
B162,4661406,13028606,Z,1.0,2.5,1
B162,4661406,13020306,Z,1.0,2.5,1
B162,4661406,13018906,Z,1.0,3.0,1
B162,4661406,13025206,Z,1.0,1.5,1
B162,4661406,13502706,Z,1.0,3.0,1
B162,4661406,13032206,Z,1.0,2.5,1
B172,4661406,14313306,Z,1.0,2.0,1
B172,4661406,14256006,Z,1.0,2.5,1
B172,4661406,14318506,Z,1.0,2.0,1
B172,4661406,14792606,Z,1.0,2.0,1
B162,4661406,13033006,Z,,4.0,1
B162,4661406,13020706,Z,,,1
B162,4661406,13018706,Z,1.0,2.5,1
B162,4661406,13029406,Z,1.0,3.0,1
B162,4661406,13036206,Z,1.0,2.5,1
B162,4661406,13025006,Z,1.0,2.5,1
B162,4661406,13498806,Z,1.0,2.5,1
B162,4661406,13017206,Z,1.0,2.5,1
B162,4661406,13019306,Z,1.0,2.0,1
B162,4661406,13025706,Z,1.0,3.0,1
B162,4661406,13022006,Z,1.0,2.0,1
B162,4661406,13025506,Z,1.0,1.5,1
B162,4661406,13034106,Z,1.0,3.0,1
B162,4661406,13030206,Z,1.0,3.0,1
B162,4661406,13027306,Z,1.0,3.0,1
B162,4661406,13500906,Z,1.0,2.5,1
B162,4661406,13017106,N,,4.0,1
B162,4661406,13029706,Z,1.0,2.0,1
B162,4661406,13020006,Z,1.0,2.5,1
B162,4661406,13031906,Z,1.0,2.0,1
B162,4661406,13019206,N,,4.0,1
B162,4661406,13019106,Z,1.0,1.0,1
B191,1434606,16701706,Z,1.0,2.5,1
B191,1434606,16702006,N,,4.0,1
B191,1434606,16699706,Z,1.0,1.5,1
B191,1434606,16701006,N,,4.0,1
B191,1434606,16699906,Z,1.0,3.0,1
B191,1434606,16700106,N,,4.0,1
B191,1434606,16700306,Z,1.0,1.5,1
B191,1434606,16697606,N,,4.0,1
B191,1434606,16697506,Z,1.0,2.5,1
B191,1434606,16697206,Z,1.0,2.0,1
B161,1434606,13033106,N,,4.0,1
B191,1434606,16697106,Z,1.0,1.5,1
B191,1434606,16699606,Z,1.0,2.0,1
B191,1434606,16696806,Z,1.0,1.5,1
B191,1434606,16699406,Z,1.0,2.5,1
B191,1434606,16696306,N,,4.0,1
B191,1434606,16696506,Z,1.0,1.0,1
B191,1434606,16699506,Z,1.0,1.5,1
B191,1434606,16704006,Z,1.0,1.5,1
B191,1434606,16702806,Z,1.0,1.5,1
B191,1434606,16699006,N,,4.0,1
B191,1434606,15638306,Z,1.0,2.5,1
B191,1434606,16701406,Z,1.0,2.0,1
B191,1434606,16691306,N,,4.0,1
B191,1434606,16703906,N,,4.0,1
B191,1434606,16693006,N,,4.0,1
B191,1434606,16703006,Z,,4.0,1
B191,1434606,16696106,Z,1.0,3.0,1
B191,1434606,16695506,N,,4.0,1
B191,1434606,16692806,N,,4.0,1
B191,1434606,16703606,,,4.0,1
B191,1434606,16692306,Z,1.0,1.5,1
B191,1434606,16694206,Z,1.0,2.0,1
B191,1434606,16694606,N,,4.0,1
B191,1434606,16703706,Z,1.0,1.5,1
B191,1434606,15632506,Z,1.0,1.5,1
B191,1434606,16700506,N,,4.0,1
B191,1434606,16699206,Z,1.0,1.5,1
B191,1434606,16702406,Z,1.0,1.5,1
B191,1434606,16696206,N,,4.0,1
B191,1434606,16698206,N,,4.0,1
B191,1434606,16697906,Z,1.0,2.5,1
B191,1434606,16694306,Z,1.0,1.5,1
B191,1434606,16691006,N,,4.0,1
B191,1434606,16693406,N,,4.0,1
B191,1434606,16690906,N,,4.0,1
B191,1434606,16693106,N,,4.0,1
B191,1434606,16693306,Z,1.0,2.0,1
B191,1434606,16694106,,,4.0,1
B191,1434606,16690606,Z,,,1
B191,1434606,16687906,Z,1.0,1.0,1
B191,1434606,16690806,N,,4.0,1
B191,1434606,16692906,Z,1.0,2.0,1
B191,1434606,16691706,Z,1.0,1.5,1
B191,1434606,16688706,Z,1.0,1.0,1
B191,1434606,16692606,Z,1.0,2.5,1
B191,1434606,16689906,N,,4.0,1
B191,1434606,16690006,Z,,4.0,1
B191,1434606,16690106,Z,1.0,1.5,1
B191,1434606,16692206,Z,1.0,2.5,1
B191,1434606,16691406,Z,1.0,1.5,1
B191,1434606,16691106,Z,1.0,3.0,1
B191,1434606,16691506,Z,1.0,2.0,1
B191,1434606,16699306,Z,1.0,1.5,1
B191,1434606,16696606,Z,1.0,3.0,1
B191,1434606,16695906,Z,1.0,1.0,1
B191,1434606,16693506,N,,4.0,1
B191,1434606,16696006,Z,1.0,1.5,1
B191,1434606,16694006,Z,1.0,2.0,1
B191,1434606,16693806,Z,1.0,2.0,1
B191,1434606,16696706,N,,4.0,1
B191,1434606,15634406,Z,1.0,1.5,1
B191,1434606,16694506,Z,1.0,2.0,1
B191,1434606,16695006,Z,1.0,2.5,1
B191,1434606,16696406,N,,4.0,1
B191,1434606,16695106,N,,4.0,1
B191,1434606,16695306,Z,1.0,2.5,1
B191,1434606,16695706,N,,4.0,1
B191,1434606,16693906,Z,1.0,2.0,1
B191,1434606,16692706,Z,1.0,2.0,1
B191,1434606,16694906,Z,1.0,1.5,1
B191,1434606,16697006,N,,4.0,1
B172,4661406,14282806,Z,1.0,3.0,1
B191,1434606,16691806,Z,1.0,2.5,1
B191,1434606,16691906,Z,1.0,3.0,1
B162,4661406,13030706,Z,1.0,2.5,1
B162,4661406,13030606,Z,1.0,2.5,1
B162,4661406,13030106,Z,1.0,3.0,1
B162,4661406,13029906,Z,1.0,1.5,1
B162,4661406,13029506,Z,1.0,1.5,1
B162,4661406,13029206,Z,1.0,2.0,1
B162,4661406,13029106,Z,1.0,2.5,1
B162,4661406,13029006,Z,1.0,2.0,1
B162,4661406,13028906,Z,1.0,3.0,1
B162,4661406,13028806,Z,1.0,1.5,1
B162,4661406,13028406,Z,1.0,2.5,1
B162,4661406,13028306,Z,1.0,2.5,1
B162,4661406,13028206,Z,1.0,2.5,1
B162,4661406,13028106,Z,1.0,2.0,1
B162,4661406,13027906,Z,1.0,2.0,1
B162,4661406,13027806,Z,1.0,2.0,1
B162,4661406,13027406,Z,1.0,1.5,1
B162,4661406,13031106,Z,1.0,2.0,1
B162,4661406,13026906,Z,1.0,2.0,1
B162,4661406,13031406,Z,1.0,2.5,1
B162,4661406,13031806,Z,1.0,1.5,1
B162,4661406,13019006,Z,1.0,1.0,1
B162,4661406,13018806,Z,1.0,1.5,1
B162,4661406,13018506,Z,1.0,1.5,1
B162,4661406,13018406,Z,1.0,1.5,1
B162,4661406,13018306,,,4.0,1
B162,4661406,13018206,Z,,4.0,1
B162,4661406,13018106,Z,1.0,3.0,1
B162,4661406,13018006,Z,1.0,2.5,1
B162,4661406,13017906,Z,1.0,2.0,1
B162,4661406,13017806,Z,1.0,1.5,1
B162,4661406,13017606,Z,1.0,3.0,1
B162,4661406,13017506,Z,1.0,3.0,1
B162,4661406,13017306,Z,1.0,2.0,1
B162,4661406,13016906,Z,1.0,2.0,1
B162,4661406,13032406,Z,1.0,3.0,1
B162,4661406,13032106,Z,1.0,2.0,1
B162,4661406,13032006,N,,4.0,1
B162,4661406,13031606,Z,1.0,2.0,1
B162,4661406,13026806,Z,,4.0,1
B162,4661406,13026706,Z,1.0,2.0,1
B162,4661406,13025906,Z,1.0,3.0,1
B191,1434606,17205406,N,,4.0,1
B191,1434606,17204706,Z,1.0,1.5,1
B191,1434606,17204406,N,,4.0,1
B191,1434606,17204606,N,,4.0,1
B191,1434606,17205106,N,,4.0,1
B191,1434606,17204006,N,,4.0,1
B191,1434606,17204306,Z,1.0,1.5,1
B191,1434606,17206206,N,,4.0,1
B191,1434606,17205906,N,,4.0,1
B191,1434606,17205806,N,,4.0,1
B191,1434606,17206506,Z,1.0,2.5,1
B191,1434606,17206606,Z,,4.0,1
B191,1434606,17205206,Z,1.0,2.0,1
B191,1434606,17206706,N,,4.0,1
B191,1434606,17206806,Z,1.0,1.0,1
B191,1434606,17206906,N,,4.0,1
B191,1434606,17206406,N,,4.0,1
B191,1434606,16700206,N,,4.0,1
B191,1434606,16698006,Z,1.0,2.5,1
B191,1434606,16702306,Z,,4.0,1
B191,1434606,16690406,N,,4.0,1
B162,4661406,13030006,Z,1.0,3.0,1
B162,4661406,13499906,Z,1.0,2.5,1
B191,1434606,16698106,Z,1.0,3.0,1
B191,1434606,17203906,,,4.0,1
B191,1434606,17206006,N,,4.0,1
B191,1434606,17204206,N,,4.0,1
B191,1434606,17212606,N,,4.0,1
B191,1434606,17204806,N,,4.0,1
B191,1434606,16702506,Z,1.0,3.0,1
B191,1434606,17204906,Z,1.0,3.0,1
B191,1434606,17204506,Z,1.0,1.0,1
B191,1434606,17205506,Z,1.0,1.0,1
B191,1434606,16858906,N,,4.0,1
B191,1434606,16700006,Z,1.0,3.0,1
B191,1434606,16689806,N,,4.0,1
B191,1434606,16690706,N,,4.0,1
B191,1434606,16701106,N,,4.0,1
B191,1434606,16698806,,,4.0,1
B191,1434606,17205306,Z,1.0,1.0,1
B191,1434606,16689706,Z,1.0,2.0,1
B172,4661406,14280206,Z,1.0,3.0,1
B172,4661406,14255206,Z,1.0,2.5,1
B192,4661406,16699606,Z,1.0,1.5,1
B192,4661406,16692106,Z,1.0,1.5,1
B192,4661406,16695806,Z,1.0,1.0,1
B192,4661406,16698706,Z,1.0,2.0,1
B192,4661406,16700306,Z,1.0,2.0,1
B192,4661406,16698906,Z,1.0,1.5,1
B192,4661406,16690506,Z,1.0,2.0,1
B192,4661406,15630106,Z,1.0,1.5,1
B182,4661406,15644206,Z,1.0,2.0,1
B182,4661406,15629006,Z,1.0,3.0,1
B182,4661406,16197306,Z,1.0,2.5,1
B182,4661406,15627806,Z,1.0,2.5,1
B182,4661406,15630506,Z,1.0,2.5,1
B182,4661406,15642206,Z,1.0,3.0,1
B182,4661406,15634906,Z,1.0,3.0,1
B182,4661406,14300706,Z,1.0,2.0,1
B182,4661406,14281706,Z,1.0,1.5,1
B192,4661406,16696006,Z,1.0,2.0,1
B182,4661406,15640106,Z,1.0,3.0,1
B192,4661406,16695406,Z,1.0,1.5,1
B192,4661406,16695006,Z,1.0,1.5,1
B192,4661406,17204906,Z,1.0,2.5,1
B192,4661406,16701806,Z,,,1
B192,4661406,16695506,Z,1.0,2.5,1
B192,4661406,15629806,Z,1.0,2.0,1
B192,4661406,16702306,Z,1.0,2.0,1
B192,4661406,16697206,Z,1.0,2.0,1
B192,4661406,16698006,Z,1.0,2.0,1
B192,4661406,16693706,Z,1.0,2.0,1
B192,4661406,16701906,Z,1.0,2.0,1
B192,4661406,16690906,Z,1.0,1.5,1
B192,4661406,16695706,Z,1.0,2.5,1
B192,4661406,16692306,Z,1.0,2.5,1
B192,4661406,17205506,Z,1.0,2.0,1
B192,4661406,16696206,Z,1.0,2.5,1
B192,4661406,16702606,Z,1.0,1.5,1
B192,4661406,16695906,Z,1.0,1.0,1
B192,4661406,16690106,Z,1.0,1.5,1
B192,4661406,16698306,Z,1.0,2.0,1
B192,4661406,16701306,N,,4.0,1
B182,4661406,14306006,Z,1.0,2.0,1
B182,4661406,15644506,Z,1.0,2.5,1
B182,4661406,15643406,Z,1.0,2.5,1
B182,4661406,14301006,N,,4.0,1
B182,4661406,15643106,Z,1.0,2.5,1
B182,4661406,15633506,Z,1.0,2.0,1
B182,4661406,15637506,Z,1.0,3.0,1
B182,4661406,15629206,N,,4.0,1
B182,4661406,15641406,Z,1.0,2.5,1
B182,4661406,15642606,Z,1.0,3.0,1
B182,4661406,15627906,Z,1.0,3.0,1
B182,4661406,15642906,Z,1.0,2.0,1
B182,4661406,15635406,Z,1.0,3.0,1
B182,4661406,15641106,Z,1.0,2.5,1
B182,4661406,15643906,Z,1.0,2.5,1
B182,4661406,15634806,Z,1.0,2.5,1
B182,4661406,15633606,Z,1.0,1.5,1
B182,4661406,15642406,Z,1.0,2.0,1
B182,4661406,15640206,Z,1.0,3.0,1
B182,4661406,15637206,Z,1.0,3.0,1
B182,4661406,15631206,Z,1.0,2.0,1
B182,4661406,15636506,Z,1.0,3.0,1
B182,4661406,15635206,Z,1.0,3.0,1
B182,4661406,15642806,Z,1.0,3.0,1
B182,4661406,16198506,Z,1.0,2.5,1
B182,4661406,15644006,Z,1.0,2.5,1
B182,4661406,15635306,Z,1.0,2.5,1
B182,4661406,15638106,Z,1.0,2.5,1
B182,4661406,16197606,Z,1.0,1.5,1
B182,4661406,15636106,Z,1.0,3.0,1
B182,4661406,15636306,Z,1.0,2.5,1
B182,4661406,15642106,Z,1.0,3.0,1
B182,4661406,14315106,Z,1.0,2.5,1
B182,4661406,15639306,Z,1.0,2.5,1
B182,4661406,15632206,Z,,4.0,1
B182,4661406,15635106,Z,1.0,3.0,1
B182,4661406,16197806,Z,1.0,2.0,1
B182,4661406,15633806,Z,1.0,1.5,1
B182,4661406,15710506,Z,1.0,3.0,1
B182,4661406,15627606,Z,1.0,3.0,1
B182,4661406,15632906,Z,1.0,2.5,1
B192,4661406,16690406,Z,1.0,3.0,1
B192,4661406,16691806,Z,1.0,2.5,1
B192,4661406,16696906,Z,1.0,2.0,1
B192,4661406,16699506,Z,1.0,1.5,1
B192,4661406,17206506,Z,1.0,3.0,1
B192,4661406,16701606,Z,1.0,2.0,1
B192,4661406,17206206,Z,1.0,2.5,1
B192,4661406,16703806,Z,1.0,2.0,1
B192,4661406,16703706,Z,1.0,1.0,1
B192,4661406,16699306,Z,1.0,1.0,1
B192,4661406,16689706,Z,1.0,1.5,1
B192,4661406,16694306,Z,1.0,1.5,1
B192,4661406,16697906,Z,1.0,2.0,1
B192,4661406,16694206,Z,1.0,1.5,1
B192,4661406,16693306,Z,1.0,2.0,1
B192,4661406,16696706,N,,4.0,1
B192,4661406,16691106,Z,1.0,2.0,1
B192,4661406,16700406,Z,1.0,1.0,1
B192,4661406,16697806,Z,1.0,1.0,1
B192,4661406,16700606,Z,1.0,1.0,1
B192,4661406,16692806,Z,1.0,1.5,1
B192,4661406,16694006,Z,1.0,2.5,1
B192,4661406,17212606,Z,1.0,2.0,1
B192,4661406,17205206,Z,1.0,2.5,1
B192,4661406,16698206,Z,,4.0,1
B192,4661406,16702906,Z,1.0,3.0,1
B192,4661406,16693906,Z,1.0,2.0,1
B192,4661406,16695606,Z,1.0,1.0,1
B192,4661406,16691506,Z,1.0,2.5,1
B192,4661406,17205906,Z,1.0,3.0,1
B192,4661406,16694406,Z,1.0,1.0,1
B192,4661406,16696106,N,,4.0,1
B192,4661406,17206906,Z,1.0,2.0,1
B192,4661406,16702506,Z,1.0,2.0,1
B192,4661406,16699906,Z,1.0,2.0,1
B192,4661406,16691406,Z,1.0,2.0,1
B192,4661406,16691306,Z,1.0,2.5,1
B192,4661406,17204706,Z,1.0,1.5,1
B192,4661406,16703106,Z,1.0,2.0,1
B192,4661406,15634406,Z,1.0,1.5,1
B192,4661406,16697106,Z,1.0,1.5,1
B192,4661406,16702406,Z,1.0,1.5,1
B192,4661406,17204306,Z,1.0,2.0,1
B192,4661406,16697406,N,,4.0,1
B192,4661406,16704006,Z,1.0,1.5,1
B192,4661406,16693806,Z,1.0,2.0,1
B192,4661406,16702706,Z,1.0,1.5,1
B192,4661406,16693106,Z,1.0,2.0,1
B192,4661406,16696806,Z,1.0,2.5,1
B192,4661406,16694906,Z,1.0,1.5,1
B192,4661406,15641506,Z,1.0,2.0,1
B192,4661406,16689606,Z,1.0,2.0,1
B192,4661406,16702006,Z,1.0,2.5,1
B192,4661406,16695106,Z,1.0,2.0,1
B192,4661406,17205006,Z,1.0,1.0,1
B192,4661406,16691206,Z,1.0,1.5,1
B192,4661406,16691906,Z,1.0,3.0,1
B192,4661406,16697506,Z,,4.0,1
B192,4661406,16694806,Z,1.0,2.0,1
B192,4661406,16690206,Z,1.0,3.0,1
B192,4661406,16700006,Z,1.0,2.0,1
B192,4661406,16691706,Z,1.0,2.5,1
B192,4661406,16700906,Z,1.0,2.5,1
B192,4661406,16692706,Z,1.0,2.0,1
B192,4661406,17205306,Z,1.0,2.0,1
B192,4661406,16701506,Z,1.0,2.0,1
B192,4661406,15636706,Z,1.0,1.5,1
B192,4661406,16692206,Z,1.0,2.0,1
B192,4661406,16692906,Z,1.0,2.0,1
B192,4661406,16701706,Z,1.0,1.5,1
B192,4661406,17205806,Z,1.0,2.0,1
B192,4661406,17204606,Z,1.0,2.0,1
B192,4661406,16696506,Z,1.0,1.5,1
B192,4661406,16703206,Z,1.0,2.0,1
B182,4661406,15639206,N,,4.0,1
B192,4661406,16699206,Z,1.0,1.0,1
B192,4661406,15638306,Z,1.0,2.0,1
B192,4661406,15636206,Z,1.0,3.0,1
B192,4661406,16694506,Z,1.0,2.0,1
B192,4661406,16696606,Z,1.0,1.5,1
B192,4661406,16699406,Z,1.0,2.0,1
B192,4661406,17204506,Z,1.0,1.5,1
B192,4661406,16695306,Z,1.0,1.5,1
B192,4661406,16700706,Z,1.0,2.0,1
B192,4661406,16701406,Z,1.0,2.5,1
B182,4661406,16198106,Z,1.0,2.5,1
B182,4661406,15644406,Z,1.0,3.0,1
B182,4661406,15641006,Z,1.0,2.5,1
B172,4661406,14280506,Z,1.0,2.5,1
B172,4661406,14319406,Z,1.0,2.5,1
B172,4661406,14275806,Z,1.0,2.5,1
B172,4661406,14297806,Z,1.0,2.5,1
B172,4661406,14264106,Z,1.0,2.5,1
B172,4661406,14258706,Z,1.0,2.5,1
B172,4661406,14242506,Z,,4.0,1
B172,4661406,13017406,Z,1.0,2.5,1
B172,4661406,13017006,Z,1.0,2.0,1
B172,4661406,13024306,Z,,,1
B172,4661406,13032306,Z,1.0,3.0,1
B172,4661406,14297206,Z,1.0,3.0,1
B172,4661406,14256506,Z,1.0,2.0,1
B172,4661406,14795206,Z,1.0,3.0,1
B172,4661406,14794206,Z,1.0,2.5,1
B172,4661406,14266506,Z,1.0,2.0,1
B172,4661406,14280906,Z,1.0,2.5,1
B172,4661406,14303506,Z,1.0,1.5,1
B172,4661406,14300506,Z,1.0,2.5,1
B172,4661406,14254406,Z,1.0,2.5,1
B172,4661406,14794306,Z,1.0,2.5,1
B172,4661406,14312806,Z,1.0,3.0,1
B172,4661406,14240706,Z,1.0,2.5,1
B172,4661406,14283506,Z,1.0,3.0,1
B172,4661406,14271206,Z,1.0,3.0,1
B172,4661406,14319006,Z,1.0,3.0,1
B172,4661406,14286606,Z,1.0,2.5,1
B172,4661406,14294506,Z,1.0,3.0,1
B172,4661406,14248506,Z,1.0,3.0,1
B172,4661406,14308706,Z,1.0,3.0,1
B172,4661406,14245306,Z,1.0,3.0,1
B172,4661406,14317006,Z,1.0,1.0,1
B172,4661406,14318406,Z,1.0,2.0,1
B172,4661406,14795006,Z,1.0,2.5,1
B172,4661406,14303406,Z,1.0,3.0,1
B172,4661406,14292106,Z,1.0,3.0,1
B172,4661406,14247506,Z,1.0,1.5,1
B172,4661406,14794706,Z,1.0,2.5,1
B172,4661406,14257906,Z,1.0,3.0,1
B172,4661406,14308806,Z,1.0,1.0,1
B172,4661406,14280106,Z,1.0,1.0,1
B172,4661406,14285906,Z,1.0,3.0,1
B172,4661406,14260906,Z,1.0,1.5,1
B172,4661406,14249606,Z,1.0,2.5,1
B172,4661406,14246406,Z,1.0,2.5,1
B172,4661406,14793906,Z,1.0,2.5,1
B172,4661406,14300906,Z,1.0,1.5,1
B172,4661406,14242006,Z,1.0,1.5,1
B182,4661406,15642706,Z,1.0,2.5,1
B182,4661406,15632306,Z,1.0,2.0,1
B182,4661406,15628106,Z,1.0,1.5,1
B182,4661406,15632506,Z,1.0,1.5,1
B182,4661406,15638006,Z,1.0,2.5,1
B182,4661406,15636906,Z,1.0,3.0,1
B182,4661406,15642506,Z,1.0,3.0,1
B182,4661406,16198406,Z,1.0,2.5,1
B182,4661406,16198706,N,,4.0,1
B182,4661406,16198606,Z,1.0,3.0,1
B172,4661406,14261606,Z,1.0,2.5,1
B172,4661406,14277406,Z,1.0,1.5,1
B172,4661406,14253006,Z,1.0,2.0,1
B172,4661406,14315606,Z,1.0,2.0,1
B172,4661406,14244706,Z,1.0,2.5,1
B172,4661406,14252806,Z,1.0,2.5,1
B172,4661406,14310506,Z,1.0,2.0,1
B172,4661406,14242206,Z,1.0,2.5,1
B172,4661406,14284006,Z,1.0,1.5,1
B172,4661406,14275606,Z,1.0,2.5,1
B172,4661406,14245006,Z,1.0,2.0,1
B172,4661406,14793506,Z,1.0,1.5,1
B172,4661406,14302006,Z,1.0,2.0,1
B172,4661406,14317406,N,,4.0,1
B172,4661406,14259906,Z,1.0,2.5,1
B172,4661406,14795406,Z,1.0,2.5,1
B172,4661406,14260806,Z,1.0,1.5,1
B172,4661406,14310106,Z,1.0,2.5,1
B172,4661406,14295106,Z,1.0,2.5,1
B172,4661406,14319106,Z,1.0,2.5,1
B172,4661406,14320706,Z,1.0,2.0,1
B172,4661406,14265306,Z,1.0,3.0,1
B172,4661406,14301606,Z,1.0,1.0,1
B172,4661406,14299706,Z,1.0,1.5,1
B172,4661406,14283206,Z,1.0,3.0,1
B172,4661406,14273706,Z,1.0,2.5,1
B172,4661406,14285106,Z,1.0,3.0,1
B182,4661406,15635806,N,,4.0,1
B182,4661406,15627006,Z,1.0,3.0,1
B182,4661406,15639006,Z,1.0,2.5,1
B182,4661406,15633906,Z,1.0,3.0,1
B182,4661406,15640806,Z,1.0,2.5,1
B182,4661406,15629606,Z,1.0,3.0,1
B182,4661406,15638906,Z,1.0,3.0,1
B182,4661406,15641606,Z,1.0,2.5,1
B182,4661406,15629506,Z,1.0,1.5,1
B182,4661406,15638406,Z,1.0,3.0,1
B182,4661406,15640306,Z,1.0,2.5,1
B182,4661406,15639806,Z,1.0,3.0,1
B182,4661406,15638806,Z,1.0,3.0,1
B182,4661406,15633306,Z,1.0,2.5,1
B182,4661406,15634006,Z,1.0,2.5,1
B182,4661406,15631306,Z,1.0,2.5,1
B182,4661406,15631806,Z,1.0,2.0,1
B182,4661406,15640406,Z,1.0,2.0,1
B182,4661406,15633106,Z,1.0,1.5,1
B182,4661406,15633706,Z,1.0,1.0,1
B182,4661406,15630806,Z,1.0,2.5,1
B182,4661406,15640706,Z,1.0,2.5,1
B182,4661406,15642306,Z,1.0,3.0,1
B182,4661406,15637706,Z,1.0,3.0,1
B182,4661406,15641206,Z,1.0,2.5,1
B182,4661406,15641306,Z,1.0,3.0,1
B182,4661406,15635006,Z,1.0,3.0,1
B182,4661406,15628606,Z,1.0,3.0,1
B182,4661406,15631706,Z,1.0,2.5,1
B182,4661406,16197206,Z,1.0,2.5,1
B182,4661406,15643806,Z,1.0,3.0,1
B182,4661406,15640506,Z,1.0,2.0,1
B182,4661406,15631606,Z,1.0,2.0,1
B182,4661406,15639506,Z,1.0,3.0,1
B182,4661406,15628206,Z,1.0,2.5,1
B182,4661406,15634506,Z,1.0,2.5,1
B182,4661406,15630306,Z,1.0,2.5,1
B182,4661406,15641906,Z,1.0,3.0,1
B182,4661406,15643706,Z,1.0,3.0,1
B192,4661406,16699806,Z,1.0,1.5,1
B182,4661406,15634306,Z,1.0,1.5,1
B182,4661406,15632006,Z,1.0,3.0,1
B182,4661406,16196806,Z,1.0,3.0,1
B182,4661406,15630606,Z,1.0,2.5,1
B182,4661406,15637806,Z,1.0,2.5,1
B182,4661406,14766006,N,,4.0,1
B182,4661406,15644806,Z,1.0,2.5,1
B182,4661406,15637306,Z,1.0,3.0,1
B182,4661406,15639106,Z,1.0,3.0,1
B182,4661406,15628906,N,,4.0,1
B172,4661406,14288506,Z,1.0,2.5,1
B172,4661406,14794506,Z,1.0,3.0,1
B172,4661406,14248606,Z,1.0,2.5,1
B172,4661406,14294106,Z,1.0,2.5,1
B172,4661406,14309306,Z,1.0,3.0,1
B172,4661406,14794606,Z,1.0,2.5,1
B172,4661406,14947906,Z,1.0,2.5,1
B172,4661406,14793006,Z,1.0,3.0,1
B172,4661406,14269306,Z,,4.0,1
B182,4661406,15640906,Z,1.0,2.0,1
B182,4661406,15631506,Z,1.0,2.0,1
B182,4661406,15639406,Z,1.0,2.5,1
B182,4661406,15639606,Z,1.0,3.0,1
B182,4661406,15629106,Z,1.0,3.0,1
B182,4661406,15633006,Z,1.0,2.5,1
B182,4661406,15643006,Z,1.0,2.5,1
B182,4661406,15629906,Z,1.0,2.5,1
B182,4661406,15640606,Z,1.0,2.5,1
B182,4661406,15639906,Z,1.0,2.5,1
B182,4661406,15640006,Z,1.0,2.5,1
B182,4661406,15632106,Z,1.0,2.5,1
B172,4661406,14274506,Z,1.0,3.0,1
B182,4661406,15632806,Z,1.0,2.0,1
B182,4661406,15627506,Z,1.0,2.0,1
B182,4661406,15627706,Z,1.0,2.0,1
B182,4661406,15638706,Z,1.0,2.0,1
B182,4661406,15639706,Z,1.0,3.0,1
B182,4661406,16196706,Z,1.0,2.5,1
B182,4661406,15641706,Z,1.0,1.0,1
B182,4661406,15627106,Z,1.0,2.5,1
B182,4661406,15629706,Z,1.0,3.0,1
B182,4661406,15634206,Z,1.0,3.0,1
B191,1434606,16688506,Z,1.0,1.0,1
B191,1434606,16699106,N,,4.0,1
B191,1434606,16688306,Z,1.0,3.0,1
B161,1434606,13499006,,,4.0,1
B161,1434606,13498906,Z,,,1
B161,1434606,13498806,Z,1.0,2.5,1
B161,1434606,13498706,Z,1.0,2.5,1
B161,1434606,13498406,N,,4.0,1
B161,1434606,13032706,Z,1.0,1.0,1
B161,1434606,13023206,Z,1.0,2.0,1
B161,1434606,13017306,Z,1.0,1.5,1
B161,1434606,13019406,Z,1.0,2.0,1
B161,1434606,13025306,Z,1.0,2.0,1
B161,1434606,13499806,Z,1.0,2.5,1
B161,1434606,13500606,Z,1.0,2.5,1
B161,1434606,13501006,N,,4.0,1
B161,1434606,13500806,Z,1.0,2.0,1
B161,1434606,13502306,Z,1.0,3.0,1
B161,1434606,13500206,Z,1.0,2.0,1
B161,1434606,13498506,Z,1.0,2.5,1
B161,1434606,13499106,,,4.0,1
B161,1434606,13500706,N,,4.0,1
B161,1434606,13499206,Z,1.0,2.0,1
B161,1434606,13502406,N,,4.0,1
B161,1434606,13501906,N,,4.0,1
B161,1434606,13501806,N,,4.0,1
B161,1434606,13501706,Z,1.0,3.0,1
B161,1434606,13501606,Z,1.0,2.5,1
B161,1434606,13501406,,,4.0,1
B161,1434606,13502706,Z,1.0,2.5,1
B161,1434606,13501206,Z,1.0,3.0,1
B161,1434606,13500906,Z,1.0,3.0,1
B161,1434606,13500406,N,,4.0,1
B161,1434606,13500306,Z,1.0,3.0,1
B161,1434606,13500006,,,4.0,1
B161,1434606,13502606,Z,1.0,2.0,1
B161,1434606,13499706,N,,4.0,1
B161,1434606,13499606,Z,1.0,1.5,1
B161,1434606,13499506,N,,4.0,1
B161,1434606,13502506,Z,1.0,2.5,1
B161,1434606,13499406,,,4.0,1
B161,1434606,13499306,N,,4.0,1
B161,1434606,13502006,,,4.0,1
B161,1434606,13035506,N,,4.0,1
B161,1434606,13036006,N,,4.0,1
B161,1434606,13023606,Z,1.0,3.0,1
B161,1434606,13022506,Z,1.0,2.5,1
B161,1434606,13022606,Z,1.0,1.5,1
B161,1434606,13032006,Z,1.0,2.5,1
B161,1434606,13028406,Z,1.0,1.5,1
B161,1434606,13025806,Z,1.0,1.0,1
B161,1434606,13029506,Z,1.0,2.0,1
B161,1434606,13018506,Z,1.0,1.5,1
B161,1434606,13020506,Z,,,1
B161,1434606,13032806,Z,1.0,2.0,1
B161,1434606,13016906,Z,1.0,1.5,1
B161,1434606,13029206,Z,1.0,2.0,1
B161,1434606,13032506,Z,1.0,2.5,1
B161,1434606,13024606,Z,1.0,1.5,1
B161,1434606,13035306,Z,1.0,3.0,1
B161,1434606,13023306,N,,4.0,1
B161,1434606,13033506,Z,1.0,3.0,1
B161,1434606,13033706,Z,1.0,2.5,1
B161,1434606,13026106,N,,4.0,1
B161,1434606,13031606,Z,1.0,3.0,1
B161,1434606,13028706,Z,1.0,2.5,1
B161,1434606,13498606,N,,4.0,1
B161,1434606,13036306,Z,1.0,3.0,1
B161,1434606,13024006,Z,1.0,2.0,1
B161,1434606,13019006,Z,1.0,1.5,1
B161,1434606,13021606,Z,1.0,1.5,1
B161,1434606,13021806,Z,1.0,2.0,1
B161,1434606,13031706,Z,1.0,2.5,1
B161,1434606,13022106,Z,1.0,2.5,1
B161,1434606,13035006,Z,1.0,3.0,1
B161,1434606,13501506,N,,4.0,1
B161,1434606,13023106,Z,1.0,2.5,1
B161,1434606,13028306,Z,1.0,3.0,1
B161,1434606,13027306,Z,1.0,3.0,1
B161,1434606,13036606,Z,1.0,3.0,1
B161,1434606,13021306,N,,4.0,1
B161,1434606,13026006,Z,1.0,2.0,1
B161,1434606,13032106,Z,1.0,2.5,1
B161,1434606,13018106,Z,1.0,3.0,1
B161,1434606,13502106,N,,4.0,1
B161,1434606,13498306,Z,1.0,3.0,1
B161,1434606,13029006,Z,1.0,2.5,1
B181,1434606,15634806,Z,1.0,2.5,1
B181,1434606,15634706,Z,1.0,2.5,1
B181,1434606,15634506,Z,1.0,2.5,1
B181,1434606,15634306,Z,1.0,1.5,1
B181,1434606,15634206,Z,,,1
B181,1434606,15634106,,,4.0,1
B181,1434606,15634006,Z,1.0,2.0,1
B181,1434606,15633906,,,4.0,1
B181,1434606,15633706,Z,1.0,2.0,1
B181,1434606,15633606,Z,1.0,1.5,1
B181,1434606,15633506,Z,1.0,2.0,1
B181,1434606,15633306,Z,1.0,3.0,1
B181,1434606,15633206,Z,1.0,2.5,1
B181,1434606,15633106,Z,1.0,2.0,1
B181,1434606,15633006,Z,1.0,1.5,1
B181,1434606,15632906,Z,1.0,2.5,1
B191,1434606,16689206,Z,1.0,1.5,1
B181,1434606,15634906,Z,1.0,3.0,1
B181,1434606,15632706,Z,1.0,1.0,1
B181,1434606,15635006,Z,1.0,2.5,1
B181,1434606,15630006,,,4.0,1
B171,1434606,14303506,Z,1.0,2.0,1
B171,1434606,14273706,Z,1.0,2.5,1
B171,1434606,14242206,Z,1.0,2.5,1
B171,1434606,14302006,Z,1.0,2.5,1
B171,1434606,14301606,Z,1.0,1.5,1
B171,1434606,13019106,Z,1.0,2.5,1
B171,1434606,14274506,Z,1.0,2.0,1
B171,1434606,14250806,,,4.0,1
B171,1434606,14254406,Z,1.0,2.5,1
B171,1434606,13032306,Z,1.0,2.5,1
B171,1434606,14256006,Z,1.0,2.5,1
B181,1434606,14317006,Z,1.0,1.0,1
B181,1434606,14285906,Z,1.0,2.0,1
B181,1434606,14286606,Z,1.0,2.0,1
B181,1434606,15710506,Z,1.0,2.0,1
B181,1434606,15689606,,,4.0,1
B181,1434606,15628806,Z,1.0,2.5,1
B181,1434606,15635106,Z,,4.0,1
B181,1434606,15632406,,,4.0,1
B181,1434606,15632306,Z,1.0,2.5,1
B181,1434606,15632106,Z,1.0,2.0,1
B161,1434606,13026806,N,,4.0,1
B161,1434606,13020206,Z,1.0,1.5,1
B161,1434606,13029406,Z,1.0,2.5,1
B161,1434606,13033206,Z,1.0,2.5,1
B161,1434606,13027206,Z,1.0,2.5,1
B161,1434606,13024406,Z,1.0,2.0,1
B161,1434606,13036106,Z,1.0,3.0,1
B161,1434606,13029106,Z,1.0,2.5,1
B161,1434606,13028206,N,,4.0,1
B161,1434606,13018206,Z,1.0,3.0,1
B161,1434606,13034506,Z,,,1
B161,1434606,13033806,N,,4.0,1
B161,1434606,13018606,N,,4.0,1
B161,1434606,13024706,N,,4.0,1
B161,1434606,13022306,Z,1.0,2.5,1
B161,1434606,13026606,Z,1.0,2.5,1
B161,1434606,13502806,Z,1.0,2.5,1
B161,1434606,13025106,Z,1.0,2.5,1
B161,1434606,13021106,Z,1.0,2.5,1
B171,1434606,13026906,Z,1.0,2.0,1
B171,1434606,14279206,Z,1.0,1.0,1
B181,1434606,15632006,Z,1.0,2.5,1
B181,1434606,15631906,,,4.0,1
B181,1434606,15631806,Z,1.0,3.0,1
B181,1434606,15631706,Z,1.0,3.0,1
B181,1434606,15631606,Z,1.0,1.0,1
B181,1434606,15631406,,,4.0,1
B181,1434606,15631306,Z,1.0,2.5,1
B181,1434606,15631206,Z,1.0,2.0,1
B161,1434606,13031006,Z,,4.0,1
B181,1434606,15631006,,,4.0,1
B181,1434606,15630706,Z,,4.0,1
B181,1434606,15630606,Z,1.0,2.5,1
B171,1434606,13017006,Z,1.0,2.0,1
B171,1434606,14271606,Z,1.0,2.5,1
B171,1434606,14255206,Z,1.0,2.0,1
B171,1434606,14252506,Z,1.0,3.0,1
B171,1434606,14266506,Z,1.0,1.5,1
B171,1434606,14258706,Z,1.0,3.0,1
B181,1434606,15630806,Z,1.0,2.0,1
B161,1434606,13029806,Z,1.0,2.5,1
B161,1434606,13030706,N,,4.0,1
B161,1434606,13018706,Z,1.0,2.5,1
B171,1434606,14281906,Z,1.0,3.0,1
B171,1434606,14280906,Z,1.0,2.0,1
B171,1434606,14280506,Z,1.0,2.5,1
B171,1434606,14251106,,,4.0,1
B171,1434606,14249906,Z,1.0,2.5,1
B171,1434606,14310506,Z,1.0,2.0,1
B171,1434606,14309306,Z,1.0,2.0,1
B171,1434606,14248806,,,4.0,1
B171,1434606,14280206,Z,1.0,2.5,1
B161,1434606,13025706,Z,1.0,2.5,1
B161,1434606,13031506,Z,1.0,2.5,1
B161,1434606,13028906,Z,1.0,2.5,1
B161,1434606,13032406,Z,1.0,2.5,1
B161,1434606,13021406,,,4.0,1
B161,1434606,13035606,Z,1.0,2.5,1
B161,1434606,13036406,N,,4.0,1
B161,1434606,13036506,N,,4.0,1
B171,1434606,14311406,,,4.0,1
B161,1434606,13034906,N,,4.0,1
B171,1434606,14252806,Z,1.0,2.0,1
B171,1434606,14282806,Z,1.0,2.5,1
B171,1434606,14288506,Z,1.0,1.0,1
B171,1434606,14257906,Z,1.0,2.5,1
B171,1434606,14318406,Z,1.0,2.0,1
B171,1434606,14317406,Z,1.0,2.5,1
B171,1434606,14317306,Z,,,1
B171,1434606,14316906,Z,,,1
B171,1434606,14287406,Z,1.0,2.5,1
B171,1434606,14256506,Z,1.0,1.5,1
B171,1434606,14315606,Z,1.0,1.5,1
B171,1434606,14315106,Z,1.0,2.5,1
B171,1434606,14285806,Z,1.0,2.5,1
B171,1434606,14285606,Z,1.0,1.5,1
B171,1434606,14285106,,,4.0,1
B171,1434606,14284006,Z,1.0,2.5,1
B171,1434606,14283506,Z,1.0,2.5,1
B171,1434606,14283206,Z,1.0,2.5,1
B171,1434606,14283106,Z,1.0,2.0,1
B171,1434606,14253006,Z,1.0,2.0,1
B161,1434606,13027806,Z,1.0,2.5,1
B161,1434606,13029706,Z,1.0,3.0,1
B161,1434606,13035406,N,,4.0,1
B161,1434606,13036706,N,,4.0,1
B161,1434606,13018806,Z,1.0,1.0,1
B161,1434606,13036806,N,,4.0,1
B161,1434606,13028606,Z,1.0,2.5,1
B161,1434606,13033606,Z,,,1
B161,1434606,13029606,Z,1.0,2.0,1
B161,1434606,13020406,Z,1.0,3.0,1
B161,1434606,13035706,,,4.0,1
B161,1434606,13024106,N,,4.0,1
B161,1434606,13026306,Z,1.0,2.5,1
B161,1434606,13026506,,,4.0,1
B161,1434606,13025206,Z,1.0,2.5,1
B161,1434606,13023706,,,4.0,1
B161,1434606,13029306,N,,4.0,1
B161,1434606,13020706,Z,1.0,2.5,1
B161,1434606,13017606,N,,4.0,1
B161,1434606,13019306,Z,1.0,2.5,1
B161,1434606,13021706,Z,1.0,3.0,1
B161,1434606,13030806,Z,,,1
B161,1434606,13036206,Z,1.0,3.0,1
B161,1434606,13020606,Z,1.0,2.0,1
B161,1434606,13027706,Z,1.0,2.5,1
B161,1434606,13033306,Z,1.0,2.5,1
B161,1434606,13017106,Z,1.0,3.0,1
B161,1434606,13024506,N,,4.0,1
B161,1434606,13025006,Z,1.0,2.5,1
B161,1434606,13018306,Z,1.0,2.0,1
B161,1434606,13025906,Z,,,1
B161,1434606,13020106,Z,1.0,2.5,1
B171,1434606,14319006,Z,1.0,3.0,1
B161,1434606,13022906,Z,1.0,3.0,1
B161,1434606,13033006,Z,1.0,3.0,1
B161,1434606,13018406,Z,1.0,2.0,1
B161,1434606,13017706,Z,1.0,2.5,1
B161,1434606,13024206,Z,1.0,3.0,1
B161,1434606,13031906,Z,,4.0,1
B161,1434606,13029906,Z,1.0,2.5,1
B161,1434606,13019606,Z,,4.0,1
B161,1434606,13034806,Z,,4.0,1
B161,1434606,13030206,N,,4.0,1
B171,1434606,14303806,Z,1.0,2.5,1
B171,1434606,14319106,Z,1.0,2.0,1
B171,1434606,14319506,,,4.0,1
B161,1434606,13024906,Z,1.0,3.0,1
B171,1434606,14304706,Z,,4.0,1
B171,1434606,13024306,,,4.0,1
B171,1434606,14275606,Z,1.0,2.0,1
B171,1434606,14242006,Z,1.0,1.5,1
B171,1434606,14318506,Z,1.0,1.0,1
B171,1434606,14287206,,,4.0,1
B171,1434606,14297206,Z,1.0,1.5,1
B171,1434606,14250506,Z,1.0,2.5,1
B171,1434606,14288006,Z,1.0,2.0,1
B171,1434606,14282506,Z,,,1
B171,1434606,14284506,,,4.0,1
B171,1434606,14303406,Z,1.0,3.0,1
B171,1434606,13019506,,,4.0,1
B171,1434606,14310106,Z,1.0,2.0,1
B171,1434606,14308806,Z,1.0,1.5,1
B171,1434606,13031206,,,4.0,1
B161,1434606,13021506,Z,1.0,1.5,1
B171,1434606,13023406,,,4.0,1
B161,1434606,13017206,Z,1.0,3.0,1
B161,1434606,13019806,Z,1.0,2.5,1
B161,1434606,13022806,Z,1.0,2.0,1
B161,1434606,13025506,Z,1.0,2.0,1
B161,1434606,13031406,N,,4.0,1
B161,1434606,13034006,Z,,,1
B161,1434606,13022006,Z,1.0,1.5,1
B161,1434606,13019206,N,,4.0,1
B161,1434606,13032206,Z,1.0,3.0,1
B161,1434606,13032906,Z,1.0,3.0,1
B161,1434606,13028106,Z,1.0,2.5,1
B161,1434606,13020806,Z,1.0,1.5,1
B161,1434606,13025606,Z,1.0,2.5,1
B161,1434606,13031106,Z,1.0,3.0,1
B161,1434606,13017906,Z,,,1
B161,1434606,13026406,N,,4.0,1
B161,1434606,13027906,Z,1.0,2.5,1
B161,1434606,13020006,Z,1.0,2.5,1
B161,1434606,13034406,Z,1.0,2.5,1
B161,1434606,13021906,Z,1.0,2.5,1
B171,1434606,14311806,Z,1.0,1.0,1
B171,1434606,14246406,Z,1.0,2.0,1
B171,1434606,14245306,Z,1.0,2.5,1
B171,1434606,14265806,,,4.0,1
B171,1434606,14265306,Z,1.0,2.0,1
B171,1434606,14295106,Z,1.0,2.0,1
B171,1434606,14297806,Z,1.0,3.0,1
B171,1434606,14294106,Z,1.0,2.0,1
B171,1434606,14294606,,,4.0,1
B171,1434606,14294506,Z,1.0,2.0,1
B171,1434606,14294306,Z,1.0,1.5,1
B171,1434606,14293806,Z,1.0,3.0,1
B171,1434606,14264106,Z,1.0,2.0,1
B171,1434606,14264006,Z,,4.0,1
B171,1434606,14292106,Z,1.0,2.5,1
B171,1434606,14261006,Z,,,1
B171,1434606,14321206,Z,1.0,3.0,1
B171,1434606,14320706,Z,1.0,2.5,1
B171,1434606,14290906,,,4.0,1
B171,1434606,14259906,Z,1.0,2.5,1
B171,1434606,14296706,Z,1.0,1.5,1
B171,1434606,14297906,,,4.0,1
B171,1434606,14298506,Z,1.0,2.5,1
B171,1434606,14298706,Z,1.0,1.0,1
B171,1434606,14242506,Z,1.0,2.0,1
B171,1434606,14261606,Z,1.0,1.5,1
B171,1434606,14260906,Z,1.0,2.0,1
B171,1434606,14313306,Z,1.0,2.5,1
B171,1434606,14301006,Z,1.0,1.5,1
B171,1434606,13017406,Z,1.0,3.0,1
B171,1434606,14240706,Z,1.0,2.5,1
B171,1434606,14309106,Z,1.0,2.5,1
B171,1434606,14319406,Z,1.0,2.0,1
B171,1434606,14245006,Z,1.0,2.0,1
B171,1434606,14249606,Z,1.0,1.5,1
B171,1434606,14300906,Z,1.0,1.5,1
B171,1434606,14300706,Z,1.0,2.0,1
B171,1434606,14300506,Z,1.0,2.5,1
B171,1434606,14299706,Z,1.0,1.0,1
B171,1434606,14269306,,,4.0,1
B171,1434606,14299306,Z,1.0,2.0,1
B171,1434606,14299206,Z,1.0,2.5,1
B171,1434606,14280106,Z,1.0,1.5,1
B171,1434606,14244406,Z,1.0,2.0,1
B181,1434606,15632806,Z,1.0,2.0,1
B171,1434606,14244906,Z,1.0,2.0,1
B181,1434606,15644506,Z,1.0,2.0,1
B181,1434606,15644406,Z,,,1
B181,1434606,15644306,Z,,4.0,1
B181,1434606,15644206,Z,,,1
B181,1434606,15644006,Z,1.0,2.5,1
B181,1434606,15643906,Z,1.0,2.5,1
B181,1434606,15643806,Z,1.0,2.5,1
B181,1434606,15643706,Z,1.0,2.0,1
B181,1434606,15643506,,,4.0,1
B181,1434606,15643406,Z,1.0,2.5,1
B181,1434606,15643106,Z,,,1
B181,1434606,15643006,Z,1.0,2.0,1
B181,1434606,15642906,Z,1.0,2.5,1
B181,1434606,15642806,Z,1.0,3.0,1
B181,1434606,15642706,Z,1.0,2.0,1
B181,1434606,15642606,Z,1.0,2.5,1
B181,1434606,15642406,Z,1.0,2.0,1
B181,1434606,15644606,Z,,,1
B181,1434606,15642306,Z,1.0,2.0,1
B181,1434606,15644806,,,4.0,1
B181,1434606,15626806,,,4.0,1
B181,1434606,15628606,Z,1.0,1.5,1
B181,1434606,15628506,,,4.0,1
B181,1434606,15628306,Z,1.0,2.0,1
B181,1434606,15628206,Z,,,1
B181,1434606,15628106,Z,1.0,2.0,1
B181,1434606,15628006,Z,1.0,1.5,1
B181,1434606,15627906,,,4.0,1
B181,1434606,15627806,Z,1.0,2.5,1
B181,1434606,15627706,Z,1.0,2.0,1
B181,1434606,15627606,Z,1.0,2.5,1
B181,1434606,15627506,Z,1.0,2.0,1
B181,1434606,15627406,,,4.0,1
B181,1434606,15627306,,,4.0,1
B181,1434606,15627206,Z,,,1
B181,1434606,15627106,Z,1.0,2.0,1
B181,1434606,15627006,Z,1.0,2.5,1
B181,1434606,15626906,,,4.0,1
B181,1434606,15644906,,,4.0,1
B181,1434606,15642206,Z,1.0,3.0,1
B181,1434606,15642006,,,4.0,1
B181,1434606,15641906,Z,1.0,3.0,1
B171,1434606,14244706,Z,1.0,2.5,1
B181,1434606,15639606,Z,,,1
B181,1434606,15639506,Z,1.0,2.5,1
B181,1434606,15639406,Z,1.0,2.0,1
B181,1434606,15639306,Z,1.0,3.0,1
B181,1434606,15639206,Z,1.0,3.0,1
B181,1434606,15639106,Z,1.0,2.5,1
B181,1434606,15639006,Z,1.0,2.5,1
B181,1434606,15638906,,,4.0,1
B181,1434606,15638806,,,4.0,1
B181,1434606,15638706,,,4.0,1
B181,1434606,15638406,Z,1.0,2.5,1
B181,1434606,15638206,,,4.0,1
B181,1434606,15638106,Z,1.0,2.5,1
B181,1434606,15638006,Z,1.0,2.5,1
B181,1434606,15637906,Z,,4.0,1
B181,1434606,15637806,Z,1.0,2.5,1
B181,1434606,15639706,Z,1.0,2.5,1
B181,1434606,15639806,Z,1.0,2.5,1
B181,1434606,15639906,Z,1.0,2.0,1
B181,1434606,15640006,Z,1.0,2.0,1
B181,1434606,15641806,Z,1.0,2.5,1
B181,1434606,15641706,Z,1.0,2.0,1
B181,1434606,15641606,Z,1.0,2.0,1
B181,1434606,15641506,Z,1.0,2.5,1
B181,1434606,15641406,Z,1.0,2.0,1
B181,1434606,15641306,Z,1.0,3.0,1
B181,1434606,15641206,Z,1.0,2.5,1
B181,1434606,15641106,Z,1.0,1.5,1
B181,1434606,15629006,Z,1.0,2.0,1
B181,1434606,15641006,Z,1.0,1.5,1
B181,1434606,15640806,Z,1.0,2.0,1
B181,1434606,15640706,,,4.0,1
B181,1434606,15640606,Z,1.0,1.5,1
B181,1434606,15640506,Z,1.0,2.5,1
B181,1434606,15640406,Z,1.0,2.5,1
B181,1434606,15640306,Z,1.0,2.5,1
B181,1434606,15640206,Z,1.0,2.0,1
B181,1434606,15640106,Z,,,1
B181,1434606,15640906,Z,1.0,3.0,1
B181,1434606,15629106,Z,1.0,1.5,1
B181,1434606,15629406,,,4.0,1
B181,1434606,15629506,Z,1.0,2.0,1
B191,1434606,16701806,Z,1.0,1.5,1
B191,1434606,16702706,Z,1.0,1.0,1
B191,1434606,16692106,Z,1.0,1.5,1
B191,1434606,16688606,N,,4.0,1
B191,1434606,16703106,Z,1.0,3.0,1
B191,1434606,16703306,Z,1.0,2.0,1
B191,1434606,16702206,N,,4.0,1
B191,1434606,16701606,N,,4.0,1
B191,1434606,16701506,Z,1.0,1.5,1
B191,1434606,16701906,Z,1.0,1.0,1
B191,1434606,16700906,Z,1.0,2.5,1
B191,1434606,16700806,N,,4.0,1
B191,1434606,16703206,Z,1.0,2.0,1
B191,1434606,16702606,Z,1.0,1.5,1
B191,1434606,16688106,N,,4.0,1
B191,1434606,16689306,N,,4.0,1
B181,1434606,16197006,Z,1.0,1.5,1
B191,1434606,16689006,N,,4.0,1
B191,1434606,16701306,N,,4.0,1
B191,1434606,16689606,Z,1.0,2.5,1
B191,1434606,16688206,Z,1.0,1.5,1
B191,1434606,16691206,Z,1.0,2.0,1
B191,1434606,16688006,Z,1.0,2.0,1
B191,1434606,16700406,Z,1.0,2.0,1
B191,1434606,16688906,N,,4.0,1
B191,1434606,16689106,Z,1.0,2.0,1
B191,1434606,16697806,Z,1.0,1.5,1
B191,1434606,16689406,N,,4.0,1
B191,1434606,16695806,Z,1.0,1.0,1
B181,1434606,15628706,,,4.0,1
B191,1434606,16690506,Z,1.0,2.0,1
B191,1434606,16702906,N,,4.0,1
B191,1434606,16693606,,,4.0,1
B191,1434606,16697406,Z,1.0,3.0,1
B191,1434606,16694806,Z,1.0,2.0,1
B191,1434606,16693706,Z,1.0,2.0,1
B191,1434606,16690206,Z,1.0,2.0,1
B191,1434606,16696906,N,,4.0,1
B191,1434606,16694706,N,,4.0,1
B191,1434606,15636706,Z,1.0,1.5,1
B181,1434606,15637706,Z,1.0,2.5,1
B181,1434606,16198606,Z,1.0,3.0,1
B181,1434606,15643206,,,4.0,1
B181,1434606,15633806,Z,1.0,1.5,1
B181,1434606,15636106,Z,1.0,2.0,1
B181,1434606,15642506,Z,1.0,3.0,1
B181,1434606,15642106,Z,1.0,2.5,1
B181,1434606,15632206,Z,1.0,2.5,1
B181,1434606,15629206,Z,1.0,3.0,1
B181,1434606,15635306,Z,1.0,2.5,1
B181,1434606,14271206,Z,1.0,2.0,1
B181,1434606,14312806,Z,1.0,2.0,1
B181,1434606,15630506,Z,1.0,1.0,1
B181,1434606,15630306,Z,1.0,2.0,1
B181,1434606,15630206,,,4.0,1
B181,1434606,15630106,,,4.0,1
B181,1434606,15629906,Z,1.0,2.5,1
B181,1434606,15629806,Z,1.0,1.5,1
B181,1434606,15629706,Z,1.0,2.5,1
B181,1434606,15629606,Z,1.0,2.5,1
B181,1434606,16196506,Z,1.0,3.0,1
B181,1434606,16196606,,,4.0,1
B181,1434606,16196706,Z,1.0,2.5,1
B181,1434606,16196806,Z,1.0,2.0,1
B181,1434606,15643306,,,4.0,1
B181,1434606,15638506,Z,1.0,2.5,1
B181,1434606,16203206,Z,,,1
B181,1434606,16198906,Z,1.0,2.0,1
B181,1434606,16198806,Z,1.0,2.0,1
B181,1434606,16198306,,,4.0,1
B181,1434606,16198506,Z,1.0,2.5,1
B181,1434606,16198206,,,4.0,1
B181,1434606,15637606,Z,,4.0,1
B181,1434606,16198106,Z,1.0,3.0,1
B181,1434606,16198406,Z,1.0,1.5,1
B181,1434606,16198006,,,4.0,1
B181,1434606,16197806,Z,,,1
B181,1434606,16197706,,,4.0,1
B181,1434606,16197606,,,4.0,1
B181,1434606,16197506,,,4.0,1
B181,1434606,16197306,Z,,,1
B181,1434606,16197206,Z,1.0,2.0,1
B181,1434606,16198706,Z,1.0,3.0,1
B181,1434606,15637506,Z,1.0,2.5,1
B162,4643006,13499906,Z,1.0,2.0,1
B181,1434606,15635606,Z,1.0,2.5,1
B171,1434606,14794106,Z,,,1
B171,1434606,14794006,,,4.0,1
B181,1434606,15626506,Z,1.0,2.0,1
B181,1434606,15626606,Z,1.0,2.0,1
B181,1434606,15626706,Z,,,1
B171,1434606,14793906,Z,1.0,2.5,1
B171,1434606,14793806,,,4.0,1
B181,1434606,15635206,Z,1.0,2.0,1
B171,1434606,14793706,Z,1.0,1.5,1
B171,1434606,14793506,Z,1.0,1.5,1
B181,1434606,15635406,Z,1.0,3.0,1
B171,1434606,14766006,Z,1.0,3.0,1
B171,1434606,14793306,Z,,4.0,1
B181,1434606,15635506,,,4.0,1
B181,1434606,15635706,Z,1.0,2.5,1
B181,1434606,15635806,,,4.0,1
B181,1434606,15635906,,,4.0,1
B171,1434606,14793206,,,4.0,1
B181,1434606,15636006,,,4.0,1
B181,1434606,15636206,Z,1.0,2.5,1
B181,1434606,15636306,Z,1.0,2.0,1
B171,1434606,14793106,Z,1.0,1.5,1
B171,1434606,14793006,Z,1.0,2.0,1
B171,1434606,14794206,Z,1.0,2.5,1
B181,1434606,15626406,Z,1.0,1.0,1
B171,1434606,14794306,Z,1.0,2.5,1
B171,1434606,14794406,,,4.0,1
B181,1434606,15625606,Z,1.0,2.5,1
B181,1434606,15625906,Z,1.0,2.0,1
B181,1434606,15626006,Z,1.0,2.0,1
B181,1434606,15626106,Z,1.0,1.0,1
B181,1434606,15626206,Z,1.0,1.0,1
B181,1434606,15626306,,,4.0,1
B181,1434606,15637406,,,4.0,1
B181,1434606,15625506,,,4.0,1
B181,1434606,15625406,,,4.0,1
B181,1434606,15625306,,,4.0,1
B181,1434606,14306006,Z,1.0,1.5,1
B171,1434606,14792906,Z,1.0,2.0,1
B181,1434606,14281706,Z,1.0,1.5,1
B171,1434606,14947906,Z,1.0,1.5,1
B171,1434606,14795406,Z,1.0,2.0,1
B171,1434606,14795306,,,4.0,1
B171,1434606,14795206,Z,1.0,2.5,1
B171,1434606,14795106,Z,1.0,2.0,1
B171,1434606,14795006,Z,1.0,3.0,1
B171,1434606,14794906,Z,,4.0,1
B171,1434606,14794806,Z,1.0,3.0,1
B171,1434606,14794706,Z,1.0,2.5,1
B171,1434606,14794606,Z,1.0,2.0,1
B171,1434606,14794506,Z,1.0,3.0,1
B171,1434606,14948006,Z,,4.0,1
B171,1434606,14792806,Z,1.0,3.0,1
B181,1434606,15625806,Z,1.0,1.5,1
B171,1434606,14792606,Z,1.0,2.0,1
B171,1434606,14247506,Z,1.0,2.0,1
B171,1434606,14308706,Z,1.0,2.5,1
B181,1434606,15636906,Z,1.0,2.5,1
B181,1434606,15637006,Z,1.0,2.0,1
B181,1434606,15637206,Z,1.0,2.5,1
B181,1434606,15637106,,,4.0,1
B171,1434606,14276606,,,4.0,1
B171,1434606,14246706,Z,1.0,1.5,1
B171,1434606,14246506,Z,1.0,2.0,1
B171,1434606,14277806,Z,1.0,2.0,1
B171,1434606,14304906,Z,1.0,1.5,1
B171,1434606,14792706,Z,1.0,2.0,1
B171,1434606,14276906,,,4.0,1
B181,1434606,15637306,,,4.0,1
B171,1434606,14276306,Z,,,1
B181,1434606,15636406,,,4.0,1
B171,1434606,14248606,Z,1.0,2.0,1
B171,1434606,14274706,Z,1.0,2.5,1
B181,1434606,15636506,Z,1.0,3.0,1
B181,1434606,15636606,,,4.0,1
B171,1434606,14248506,Z,1.0,3.0,1
B171,1434606,14248206,,,4.0,1
B171,1434606,14276106,,,4.0,1
B171,1434606,14277406,Z,1.0,1.0,1
B171,1434606,14275806,Z,1.0,1.0,1
B171,1434606,14276006,Z,1.0,1.5,1
B191,1434606,16197606,Z,1.0,2.0,2
B192,4661406,15632206,Z,1.0,3.0,2
B182,4643006,14246506,Z,1.0,1.5,2
B191,1432506,14315106,Z,1.0,2.0,2
B191,1432506,15642206,Z,1.0,2.5,2
B191,1434606,15638706,Z,1.0,1.5,2
B191,1432506,15632006,Z,1.0,3.0,2
B191,1432506,15642806,Z,1.0,2.5,2
B191,1432506,15640906,Z,1.0,2.0,2
B172,4661406,13033006,Z,1.0,2.5,2
B172,4643006,13023606,Z,1.0,1.5,2
B181,1434606,14276106,Z,1.0,2.0,2
B181,1434606,13030206,Z,1.0,2.5,2
B181,1434606,13019606,Z,1.0,2.0,2
B181,1434606,13498406,Z,1.0,2.5,2
B172,4643006,13020406,Z,1.0,2.0,2
B181,1434606,13024506,Z,1.0,2.0,2
B191,1432506,15629206,Z,1.0,2.0,2
B191,1432506,15637206,Z,1.0,3.0,2
B191,1432506,14766006,,,4.0,2
B191,1432506,15638806,Z,1.0,2.5,2
B191,1432506,15639206,Z,1.0,3.0,2
B191,1432506,15633306,Z,1.0,1.5,2
B191,1432506,15641906,Z,1.0,2.5,2
B191,1432506,15638906,Z,1.0,2.5,2
B182,4643006,13030206,Z,1.0,2.5,2
B182,4643006,14288006,Z,,,2
B182,4643006,13498406,Z,1.0,1.5,2
B191,1434606,15634206,Z,1.0,2.0,2
B192,4643006,15640206,Z,1.0,2.0,2
B191,1434606,15637306,Z,1.0,2.0,2
B182,4643006,14318406,,,4.0,2
B192,4661406,16198706,Z,1.0,2.5,2
B192,4643006,15639006,Z,1.0,3.0,2
B192,4643006,15627706,Z,1.0,2.0,2
B191,1434606,15635106,Z,1.0,2.5,2
B191,1434606,15627906,Z,1.0,2.5,2
B192,4643006,15636906,Z,1.0,2.0,2
B191,1434606,15639606,Z,1.0,2.5,2
B172,4661406,13032006,Z,1.0,2.5,2
B191,1432506,16198706,Z,1.0,2.5,2
B191,1434606,15644206,Z,1.0,3.0,2
B191,1434606,15640106,Z,1.0,1.5,2
B172,4661406,13026806,Z,1.0,2.5,2
B191,1434606,15644406,N,,4.0,2
B182,4643006,13501006,Z,,4.0,2
B191,1434606,15640706,Z,1.0,2.0,2
B191,1434606,15628206,Z,1.0,2.0,2
B181,1434606,14269306,Z,,,2
B182,4643006,13019606,Z,1.0,1.5,2
B181,1434606,14282506,Z,1.0,3.0,2
B181,1432506,14300706,Z,1.0,2.0,2
B172,4661406,13034406,Z,1.0,3.0,2
B191,1434606,15633906,Z,1.0,2.0,2
B181,1434606,14285106,Z,1.0,2.5,2
B191,1434606,15643106,Z,1.0,3.0,2
B181,1434606,13023006,Z,1.0,2.5,2
B191,1434606,16197806,Z,1.0,2.0,2
B192,4661406,15639206,Z,1.0,2.5,2
B191,1434606,15638906,Z,1.0,1.5,2
B191,1434606,15644806,Z,1.0,2.0,2
B191,1434606,15638806,Z,1.0,2.5,2
B191,1434606,16197306,Z,1.0,2.0,2
B191,1434606,15630106,Z,1.0,2.0,2
B192,4661406,15629206,Z,1.0,2.0,2
B192,4643006,15644206,Z,1.0,2.5,2
B171,1434606,13026806,Z,1.0,2.5,2
B172,4661406,13019206,Z,1.0,2.5,2
B172,4643006,13021106,Z,1.0,2.0,2
B192,4643006,15638806,Z,1.0,2.5,2
B192,4643006,15637706,Z,1.0,3.0,2
B171,1432506,13029906,Z,1.0,1.0,2
B171,1432506,13021706,Z,1.0,2.5,2
B171,1432506,13033606,Z,1.0,2.0,2
B171,1432506,13025206,Z,1.0,2.0,2
B192,4643006,15627006,Z,1.0,2.0,2
B172,4643006,13036306,Z,1.0,2.0,2
B192,4643006,15636306,Z,1.0,2.0,2
B181,1432506,14281906,Z,1.0,2.5,2
B192,4643006,15635006,Z,1.0,1.5,2
B171,1432506,13032006,Z,1.0,2.5,2
B181,1432506,13032306,Z,1.0,3.0,2
B192,4643006,15638406,Z,1.0,2.5,2
B181,1432506,14273706,Z,1.0,2.5,2
B181,1432506,14242506,Z,1.0,3.0,2
B181,1432506,14319006,Z,1.0,3.0,2
B181,1432506,14794806,Z,1.0,3.0,2
B181,1432506,13027306,Z,1.0,3.0,2
B181,1432506,14282806,Z,1.0,2.5,2
B192,4643006,15639606,Z,1.0,2.5,2
B182,4643006,14794606,Z,1.0,2.0,2
B182,4643006,14242506,Z,1.0,2.0,2
B172,4643006,13498906,,,4.0,2
B172,4643006,13030006,Z,1.0,1.5,2
B192,4643006,15627906,Z,1.0,2.0,2
B191,1432506,15629106,Z,1.0,2.5,2
B171,1432506,13036306,Z,1.0,2.0,2
B171,1432506,13021106,Z,1.0,2.0,2
B192,4643006,15625606,Z,1.0,2.0,2
B192,4643006,15642206,Z,1.0,2.0,2
B192,4643006,16198706,Z,1.0,2.0,2
B192,4643006,15629806,Z,1.0,2.0,2
B192,4643006,16198106,Z,1.0,2.5,2
B172,4643006,13028606,Z,1.0,2.0,2
B172,4643006,13028906,Z,1.0,1.5,2
B192,4643006,15639106,Z,1.0,2.5,2
B192,4643006,15633906,Z,1.0,2.0,2
B192,4643006,15636206,Z,1.0,2.0,2
B172,4643006,13018906,Z,1.0,2.0,2
B192,4643006,15643806,,,4.0,2
B181,1432506,14274506,Z,1.0,2.5,2
B192,4643006,15629606,Z,1.0,2.0,2
B192,4643006,15637306,Z,1.0,2.5,2
B192,4643006,15638906,Z,1.0,2.5,2
B192,4643006,15629206,Z,1.0,2.5,2
B192,4643006,15633506,Z,1.0,1.5,2
B192,4643006,15628006,Z,1.0,1.5,2
B182,4643006,14792806,Z,1.0,2.0,2
B181,1432506,13501606,Z,1.0,2.0,2
B172,4643006,13029206,,,4.0,2
B192,4643006,15629706,Z,1.0,2.0,2
B171,1432506,13033206,Z,1.0,2.0,2
B171,1432506,13033006,Z,1.0,2.0,2
B171,1432506,13029406,Z,1.0,2.0,2
B192,4643006,15635106,Z,1.0,1.5,2
B172,4643006,13032106,Z,1.0,2.0,2
B172,4643006,13026606,Z,1.0,2.0,2
B172,4643006,13502606,Z,1.0,1.5,2
B171,1434606,13024706,Z,1.0,2.0,2
B182,4661406,14298506,N,,4.0,2
B182,4661406,14242506,Z,1.0,3.0,2
B172,4643006,13027206,Z,1.0,2.0,2
B171,1434606,13030706,Z,1.0,2.5,2
B172,4643006,13025006,Z,1.0,1.5,2
B172,4643006,13033506,,,4.0,2
B171,1434606,13028206,Z,1.0,2.0,2
B172,4643006,13021706,Z,1.0,2.5,2
B182,4661406,14794806,Z,1.0,2.5,2
B171,1434606,13021206,Z,1.0,2.5,2
B172,4661406,13017106,Z,1.0,2.5,2
B171,1434606,13031406,Z,1.0,2.0,2
B171,1434606,13017506,Z,1.0,3.0,2
B172,4643006,13499806,Z,1.0,2.0,2
B171,1434606,13017606,,,4.0,2
B182,4643006,14298506,,,4.0,2
B171,1434606,13020506,Z,1.0,2.0,2
B192,4643006,15643706,Z,1.0,2.5,2
B171,1434606,13501006,Z,1.0,2.5,2
B182,4661406,14304906,Z,1.0,2.0,2
B192,4643006,15642806,Z,1.0,2.0,2
B182,4661406,14281906,Z,1.0,3.0,2
B171,1434606,13025906,Z,1.0,2.5,2
B172,4643006,13024906,Z,1.0,1.5,2
B172,4643006,13021306,Z,1.0,2.0,2
B171,1434606,13498906,Z,1.0,2.5,2
B172,4643006,13023006,Z,1.0,1.5,2
B171,1434606,13019206,Z,1.0,2.0,2
B171,1434606,13021306,Z,1.0,2.5,2
B192,4643006,15639506,Z,1.0,1.5,2
B172,4643006,13498306,Z,1.0,1.5,2
B172,4643006,13028706,Z,1.0,2.0,2
B192,4643006,15639206,Z,1.0,2.0,2
B192,4643006,15633306,Z,1.0,1.5,2
B182,4643006,14795006,Z,1.0,2.0,2
B192,4643006,16198606,Z,1.0,2.0,2
B172,4643006,13034506,Z,1.0,1.5,2
B172,4643006,13500306,Z,1.0,3.0,2
B182,4643006,14308706,Z,1.0,2.5,2
B172,4643006,13026806,Z,1.0,3.0,2
B172,4643006,13500906,Z,1.0,1.5,2
B172,4643006,13032606,Z,1.0,2.0,2
B192,4643006,15631706,Z,1.0,2.5,2
B182,4643006,14242206,Z,1.0,1.5,2
B172,4643006,13027306,Z,1.0,2.5,2
B172,4643006,13036106,Z,1.0,2.5,2
B171,1434606,13031906,Z,1.0,2.0,2
B171,1434606,13034506,Z,1.0,2.0,2
B171,1434606,13033606,Z,1.0,2.5,2
B172,4643006,13021206,Z,1.0,3.0,2
B172,4643006,13033006,Z,1.0,2.0,2
B171,1434606,13499506,Z,1.0,2.0,2
B172,4643006,13036606,Z,1.0,1.5,2
B172,4643006,13033606,Z,1.0,3.0,2
B171,1434606,13499706,Z,1.0,1.5,2
B171,1434606,13017906,Z,1.0,2.5,2
B172,4661406,13032806,Z,1.0,2.5,2
B172,4643006,13498506,Z,1.0,2.0,2
