studium_id,pohlavi_kod,je_cech,datum_zahajeni,rok_maturity,maturita_nastup_rozdil,gymnazium,praha,scio,olym,zkouska,prominuti,dostudoval_uspesne,MI-PAA,MI-MPI,MI-PDP.16,MI-SPI.16
13027706,0,1,2016,2015,1,-1,0,0,0,0,0,0,2.5,2.5,,4.0
14794806,0,1,2017,2017,0,-1,1,0,0,0,0,1,3.0,3.0,2.0,2.5
13500006,0,1,2016,2015,1,-1,1,0,0,0,0,0,4.0,4.0,,
13020006,0,1,2016,2015,1,-1,0,0,0,0,0,1,2.5,2.5,2.0,2.5
13035206,1,0,2016,2015,1,-1,-1,0,0,0,0,1,2.5,2.5,,3.0
13030006,0,0,2016,2015,1,-1,-1,0,0,0,0,1,2.0,2.5,1.5,3.0
17885906,0,1,2020,2020,0,0,0,0,1,0,0,0,,1.5,,
13501106,0,1,2016,2015,1,-1,0,0,0,0,0,1,2.5,2.5,,3.0
13017206,0,1,2016,2015,1,-1,0,0,0,0,0,1,2.0,3.0,1.5,2.5
17893406,0,1,2020,2020,0,0,0,0,1,0,0,0,,,,
13030106,0,1,2016,2015,1,-1,0,0,0,0,0,1,1.5,2.5,2.0,3.0
13034806,0,1,2016,2015,1,-1,0,0,0,0,0,0,2.0,4.0,,
13029206,0,1,2016,2015,1,-1,0,0,0,0,0,0,1.0,2.0,4.0,2.0
17205706,0,1,2019,2019,0,-1,0,0,0,0,0,1,1.0,2.0,2.0,2.0
16197906,0,1,2018,2017,1,-1,0,0,0,0,0,0,1.0,2.0,,2.0
13033006,0,1,2016,2015,1,-1,0,0,0,0,0,1,2.0,3.0,2.0,2.5
17205606,0,1,2019,2019,0,-1,0,0,0,0,0,0,2.0,2.0,2.5,2.5
13034706,0,0,2016,2015,1,-1,1,0,0,0,0,0,4.0,2.5,,
15644706,0,0,2018,2017,1,-1,1,0,0,0,0,0,4.0,2.5,,
16698506,0,0,2019,2019,0,-1,1,0,0,0,0,0,4.0,2.5,,
13032306,0,1,2016,2015,1,-1,0,0,0,0,0,1,3.0,2.5,2.0,3.0
13500506,0,1,2016,2015,1,-1,1,0,0,0,0,0,2.0,2.0,,
14793406,0,1,2017,2017,0,-1,0,0,0,0,0,1,2.0,2.5,,
14289006,0,1,2017,2017,0,-1,1,0,0,0,0,0,2.5,2.5,4.0,
15644106,0,1,2018,2017,1,-1,1,0,0,0,0,0,2.5,2.5,1.5,
16693206,0,0,2019,2019,0,-1,-1,0,0,0,0,0,3.0,2.5,2.0,2.5
13030806,0,1,2016,2015,1,-1,1,0,0,0,0,0,4.0,4.0,,
13030406,0,1,2016,2015,1,-1,1,0,0,0,0,0,4.0,4.0,,
13028306,0,1,2016,2015,1,-1,1,0,0,0,0,1,2.5,3.0,2.0,2.5
13019706,0,1,2016,2015,1,-1,0,0,0,0,0,1,2.0,2.5,2.0,3.0
15640106,0,1,2018,2017,1,-1,0,0,0,0,0,1,2.0,1.5,2.0,3.0
13024306,0,1,2016,2015,1,-1,0,0,0,0,0,0,4.0,4.0,2.0,4.0
14304906,0,0,2017,2017,0,-1,-1,0,0,0,0,1,1.5,1.5,1.5,2.0
14247606,0,1,2017,2017,0,-1,0,0,0,0,0,0,1.5,2.5,4.0,
14248706,0,1,2017,2017,0,-1,1,0,0,0,0,1,2.0,2.5,2.0,
16691606,0,1,2019,2019,0,-1,-1,0,0,0,0,0,,,,
15628406,0,1,2018,2017,1,-1,-1,0,0,0,0,0,2.5,2.5,2.0,
13035906,0,1,2016,2015,1,-1,1,0,0,0,0,0,4.0,2.0,,
14792906,0,1,2017,2017,0,-1,1,0,0,0,0,1,1.5,2.0,2.0,3.0
13017506,0,1,2016,2015,1,-1,0,0,0,0,0,0,2.0,3.0,2.0,3.0
13019306,0,1,2016,2015,1,-1,0,0,0,0,0,1,2.0,2.5,2.0,2.0
13499106,0,0,2016,2015,1,-1,-1,0,0,0,0,0,4.0,4.0,,
13036806,0,1,2016,2015,1,-1,0,0,0,0,0,0,4.0,4.0,,
16695206,0,1,2019,2019,0,-1,1,0,0,0,0,0,1.5,2.0,,
15638606,0,1,2018,2017,1,-1,1,0,0,0,0,0,1.5,2.0,,
13030906,0,0,2016,2015,1,-1,-1,0,0,0,0,1,2.5,2.5,,
13499906,0,1,2016,2015,1,-1,0,0,0,0,0,1,2.0,2.5,2.0,2.5
16197406,0,1,2018,2017,1,-1,1,0,0,0,0,0,4.0,2.5,,1.5
13035406,1,1,2016,2015,1,-1,0,0,0,0,0,0,4.0,4.0,,
15633206,0,1,2018,2017,1,-1,0,0,0,0,0,1,2.0,2.5,,
13500706,0,1,2016,2015,1,-1,0,0,0,0,0,0,4.0,4.0,,
13033906,0,1,2016,2015,1,-1,0,0,0,0,0,1,1.5,2.5,1.5,
13034906,0,1,2016,2015,1,-1,1,0,0,0,0,0,4.0,4.0,,
15636006,0,0,2018,2017,1,-1,-1,0,0,0,0,0,4.0,4.0,,
13035106,0,1,2016,2015,1,-1,0,0,0,0,0,1,1.5,2.5,1.0,
13501206,0,1,2016,2015,1,-1,0,0,0,0,0,1,2.0,3.0,,2.5
13034006,0,1,2016,2015,1,-1,1,0,0,0,0,0,4.0,4.0,,
14794606,0,1,2017,2017,0,-1,1,0,0,0,0,1,2.0,2.0,2.0,2.5
13027606,0,1,2016,2015,1,-1,0,0,0,0,0,0,4.0,2.5,,
14311406,0,1,2017,2017,0,-1,0,0,0,0,0,0,4.0,4.0,,
13018206,0,1,2016,2015,1,-1,0,0,0,0,0,0,4.0,3.0,4.0,4.0
14947906,1,1,2017,2017,0,-1,0,0,0,0,0,0,1.0,1.5,2.0,2.5
17205206,0,1,2019,2019,0,-1,1,0,0,0,0,1,2.0,2.0,2.5,2.5
16698206,0,1,2019,2019,0,-1,1,0,0,0,0,0,2.0,4.0,4.0,4.0
13502106,0,1,2016,2015,1,-1,0,0,0,0,0,0,4.0,4.0,4.0,4.0
13498306,0,1,2016,2015,1,-1,0,0,0,0,0,1,2.5,3.0,1.5,2.0
16196506,0,1,2018,2017,1,-1,0,0,0,0,0,0,2.5,3.0,4.0,2.5
13035806,0,0,2016,2015,1,-1,0,0,0,0,0,0,2.0,4.0,,
14792706,0,0,2017,2017,0,-1,0,0,0,0,0,1,2.0,2.0,2.0,
15630906,0,1,2018,2017,1,-1,1,0,0,0,0,0,4.0,,,
16197106,0,1,2018,2017,1,-1,0,0,0,0,0,1,1.0,2.5,2.0,
14793306,0,1,2017,2017,0,-1,0,0,0,0,0,0,2.5,4.0,,
13029406,0,0,2016,2015,1,-1,-1,0,0,0,0,1,2.0,2.5,2.5,3.0
14285906,1,1,2017,2017,0,-1,0,0,0,0,0,1,2.0,2.0,2.0,3.0
17204806,0,1,2019,2019,0,-1,0,0,0,0,0,0,4.0,4.0,,
14794106,0,1,2017,2017,0,-1,0,0,0,0,0,0,4.0,4.0,,
13033506,0,1,2016,2015,1,-1,0,0,0,0,0,0,2.5,3.0,4.0,3.0
13036406,0,1,2016,2015,1,-1,0,0,0,0,0,0,4.0,4.0,,
13501006,1,1,2016,2015,1,-1,0,0,0,0,0,0,2.0,2.5,4.0,2.5
14794506,0,1,2017,2017,0,-1,0,0,0,0,0,1,2.0,3.0,2.5,3.0
13024706,0,1,2016,2015,1,-1,0,0,0,0,0,1,2.0,2.0,1.5,3.0
13022306,0,1,2016,2015,1,-1,0,0,0,0,0,1,2.0,2.5,3.0,3.0
14766006,0,1,2017,2017,0,-1,0,0,0,0,0,0,4.0,3.0,4.0,4.0
18531106,0,1,2020,2020,0,0,0,0,0,1,0,0,,,,
16197306,0,1,2018,2017,1,-1,0,0,0,0,0,1,2.5,2.0,1.5,2.5
13021506,0,1,2016,2015,1,-1,0,0,0,0,0,1,1.0,1.5,1.5,1.0
13026706,0,1,2016,2015,1,-1,0,0,0,0,0,1,1.5,3.0,2.0,2.0
13035506,0,1,2016,2015,1,-1,0,0,0,0,0,0,4.0,4.0,,
13023506,1,1,2016,2015,1,-1,0,0,0,0,0,0,,,,
13016906,0,1,2016,2015,1,-1,0,0,0,0,0,1,1.0,1.5,1.5,2.0
13035306,0,1,2016,2015,1,-1,0,0,0,0,0,0,4.0,3.0,,
13034406,0,0,2016,2015,1,-1,-1,0,0,0,0,0,2.5,2.5,2.5,3.0
13027306,1,0,2016,2015,1,-1,-1,0,0,0,0,1,3.0,3.0,2.5,3.0
14321206,0,1,2017,2017,0,-1,1,0,0,0,0,1,2.0,3.0,1.5,2.0
13021406,0,1,2016,2015,1,-1,0,0,0,0,0,0,4.0,4.0,,
13028206,0,1,2016,2015,1,-1,1,0,0,0,0,1,2.0,2.0,2.0,2.5
13017706,0,1,2016,2015,1,-1,0,0,0,0,0,1,2.0,2.5,2.0,2.5
13028006,0,0,2016,2015,1,-1,-1,0,0,0,0,0,4.0,4.0,,
15635106,0,1,2018,2017,1,-1,1,0,0,0,0,1,2.5,2.5,1.5,3.0
13029906,0,1,2016,2015,1,-1,1,0,0,0,0,1,1.0,2.5,1.5,1.5
13030206,1,1,2016,2015,1,-1,1,0,0,0,0,1,2.0,2.5,2.5,3.0
13031906,0,1,2016,2015,1,-1,0,0,0,0,0,1,2.0,2.0,2.0,2.0
14273706,0,1,2017,2017,0,-1,0,0,0,0,0,1,2.5,2.5,2.0,2.5
13033806,0,1,2016,2015,1,-1,0,0,0,0,0,0,4.0,4.0,,
13019506,0,1,2016,2015,1,-1,0,0,0,0,0,0,4.0,4.0,2.0,2.5
14283506,0,1,2017,2017,0,-1,0,0,0,0,0,1,2.0,2.5,2.5,3.0
15644206,0,0,2018,2017,1,-1,-1,0,0,0,0,1,3.0,3.0,2.5,2.0
13028706,0,1,2016,2015,1,-1,0,0,0,0,0,1,2.5,2.5,2.0,1.5
13023106,0,1,2016,2015,1,-1,0,0,0,0,0,1,2.5,2.5,2.0,2.5
15634106,0,1,2018,2017,1,-1,0,0,0,0,0,0,4.0,4.0,,
13031006,0,1,2016,2015,1,-1,0,0,0,0,0,0,4.0,4.0,,
13022506,0,1,2016,2015,1,-1,0,0,0,0,0,1,2.0,2.5,2.0,1.5
13032006,0,1,2016,2015,1,-1,1,0,0,0,0,1,2.5,2.5,2.5,2.5
13032606,0,1,2016,2015,1,-1,1,0,0,0,0,1,2.0,2.5,2.0,2.5
14316906,1,0,2017,2017,0,-1,-1,0,0,0,0,0,4.0,4.0,,
13020406,1,0,2016,2015,1,-1,-1,0,0,0,0,1,1.5,3.0,2.0,2.5
14303406,0,1,2017,2017,0,-1,0,0,0,0,0,1,2.5,3.0,1.5,3.0
13500306,0,1,2016,2015,1,-1,0,0,0,0,0,1,2.0,3.0,3.0,3.0
13499406,0,1,2016,2015,1,-1,0,0,0,0,0,0,4.0,4.0,,
14297906,0,1,2017,2017,0,-1,0,0,0,0,0,0,4.0,4.0,,
13019606,1,1,2016,2015,1,-1,1,0,0,0,0,1,2.5,2.0,1.5,2.5
13023406,0,1,2016,2015,1,-1,0,0,0,0,0,0,,4.0,,
13023706,0,1,2016,2015,1,-1,0,0,0,0,0,0,4.0,4.0,,
13499306,0,1,2016,2015,1,-1,0,0,0,0,0,0,4.0,4.0,,
13017606,0,1,2016,2015,1,-1,0,0,0,0,0,0,2.0,4.0,4.0,3.0
15644506,0,0,2018,2017,1,-1,-1,0,0,0,0,1,3.0,2.0,2.0,2.5
13035606,0,1,2016,2015,1,-1,0,0,0,0,0,1,1.5,2.5,2.0,2.5
13035006,0,1,2016,2015,1,-1,0,0,0,0,0,1,2.0,3.0,3.0,2.0
13033206,0,1,2016,2015,1,-1,0,0,0,0,0,1,2.0,2.5,2.0,2.0
13034106,0,1,2016,2015,1,-1,1,0,0,0,0,1,3.0,2.5,1.5,3.0
14298506,0,1,2017,2017,0,-1,0,0,0,0,0,0,2.0,2.5,4.0,4.0
13032206,1,1,2016,2015,1,-1,1,0,0,0,0,1,2.5,3.0,2.5,2.5
13026806,0,1,2016,2015,1,-1,0,0,0,0,0,1,2.0,2.5,3.0,2.5
13031206,0,1,2016,2015,1,-1,0,0,0,0,0,0,4.0,4.0,1.5,
13031406,0,1,2016,2015,1,-1,0,0,0,0,0,1,1.5,2.0,1.5,2.5
13501406,0,1,2016,2015,1,-1,0,0,0,0,0,0,4.0,4.0,,
13034506,0,1,2016,2015,1,-1,1,0,0,0,0,1,2.5,2.0,1.5,2.5
14250806,0,1,2017,2017,0,-1,0,0,0,0,0,0,4.0,4.0,,
13021306,1,1,2016,2015,1,-1,0,0,0,0,0,1,2.5,2.5,2.0,2.5
13033606,0,1,2016,2015,1,-1,1,0,0,0,0,1,2.0,2.5,3.0,3.0
13499506,0,1,2016,2015,1,-1,0,0,0,0,0,1,1.5,2.0,2.0,2.5
13028606,0,1,2016,2015,1,-1,0,0,0,0,0,0,2.5,2.5,2.0,2.5
15630406,0,0,2018,2017,1,-1,-1,0,0,0,0,1,2.5,2.0,,
13498706,0,1,2016,2015,1,-1,1,0,0,0,0,1,1.5,2.5,2.0,2.5
13499006,0,1,2016,2015,1,-1,1,0,0,0,0,0,4.0,4.0,,
13026306,0,1,2016,2015,1,-1,1,0,0,0,0,0,4.0,2.5,4.0,4.0
14318406,0,1,2017,2017,0,-1,0,0,0,0,0,0,2.0,2.0,4.0,2.0
16692406,0,1,2019,2019,0,-1,0,0,0,0,0,1,1.5,2.5,2.0,
13017406,0,1,2016,2015,1,-1,0,0,0,0,0,1,2.0,3.0,1.5,2.5
13498606,0,1,2016,2015,1,-1,1,0,0,0,0,0,4.0,4.0,,
14251106,0,1,2017,2017,0,-1,1,0,0,0,0,0,4.0,4.0,,
13036006,0,1,2016,2015,1,-1,0,0,0,0,0,0,4.0,4.0,,
13499706,0,1,2016,2015,1,-1,1,0,0,0,0,1,2.0,1.5,1.5,2.0
13030306,1,0,2016,2015,1,-1,1,0,0,0,0,0,4.0,4.0,,
16692306,1,0,2019,2019,0,-1,1,0,0,0,0,1,2.5,1.5,3.0,2.5
13032406,0,1,2016,2015,1,-1,1,0,0,0,0,1,2.0,2.5,2.0,3.0
13501806,0,1,2016,2015,1,-1,1,0,0,0,0,0,4.0,4.0,,
15644306,0,1,2018,2017,1,-1,1,0,0,0,0,0,4.0,4.0,,
13035706,0,1,2016,2015,1,-1,1,0,0,0,0,0,4.0,4.0,,
14264006,0,1,2017,2017,0,-1,0,0,0,0,0,0,4.0,4.0,,
13017106,0,1,2016,2015,1,-1,1,0,0,0,0,1,2.5,3.0,2.0,2.5
14274506,0,1,2017,2017,0,-1,0,0,0,0,0,1,2.5,2.0,3.0,3.0
13022206,0,1,2016,2015,1,-1,0,0,0,0,0,1,1.0,2.0,2.0,1.0
13030706,0,1,2016,2015,1,-1,0,0,0,0,0,1,2.0,2.5,2.5,2.5
15638206,0,1,2018,2017,1,-1,0,0,0,0,0,0,4.0,4.0,,
13499806,0,1,2016,2015,1,-1,1,0,0,0,0,1,2.0,2.5,2.0,2.5
13030506,0,1,2016,2015,1,-1,0,0,0,0,0,0,4.0,4.0,,
13025306,0,1,2016,2015,1,-1,0,0,0,0,0,1,1.5,2.0,1.0,1.5
14281906,0,1,2017,2017,0,-1,0,0,0,0,0,0,2.5,3.0,2.0,3.0
13021106,0,1,2016,2015,1,-1,0,0,0,0,0,1,2.0,2.5,2.0,2.5
14287206,0,0,2017,2017,0,-1,-1,0,0,0,0,0,4.0,4.0,,
13022706,0,1,2016,2015,1,-1,0,0,0,0,0,1,2.0,2.5,2.0,2.5
16692006,0,1,2019,2019,0,-1,0,0,0,0,0,1,1.5,2.5,2.0,1.5
13027406,0,1,2016,2015,1,-1,0,0,0,0,0,0,1.5,2.5,2.0,1.5
13033406,0,1,2016,2015,1,-1,1,0,0,0,0,0,,2.5,,
13499606,0,1,2016,2015,1,-1,0,0,0,0,0,1,1.5,1.5,1.5,1.5
14266406,0,1,2017,2017,0,-1,0,0,0,0,0,0,2.0,2.0,,
13027506,0,1,2016,2015,1,-1,0,0,0,0,0,1,1.5,2.0,2.5,2.0
13502006,0,1,2016,2015,1,-1,0,0,0,0,0,0,4.0,4.0,,
13500906,0,1,2016,2015,1,-1,1,0,0,0,0,1,2.0,3.0,1.5,2.5
15632406,0,1,2018,2017,1,-1,0,0,0,0,0,0,2.5,4.0,,
13033706,0,1,2016,2015,1,-1,0,0,0,0,0,1,2.5,2.5,2.0,2.5
15629206,0,1,2018,2017,1,-1,1,0,0,0,0,1,2.0,3.0,2.5,2.0
14279606,0,1,2017,2017,0,-1,0,0,0,0,0,1,2.0,2.5,2.0,2.5
13500606,0,1,2016,2015,1,-1,0,0,0,0,0,1,2.0,2.5,1.5,2.5
13026506,0,1,2016,2015,1,-1,0,0,0,0,0,0,4.0,4.0,,
15634606,0,1,2018,2017,1,-1,0,0,0,0,0,0,4.0,1.5,,
13500806,0,1,2016,2015,1,-1,0,0,0,0,0,1,2.0,2.0,1.5,2.0
14260106,0,1,2017,2017,0,-1,1,0,0,0,0,0,,,,
14317006,0,1,2017,2017,0,-1,1,0,0,0,0,1,1.5,1.0,1.0,1.0
13500106,1,1,2016,2015,1,-1,0,0,0,0,0,0,2.0,2.5,,
15637906,0,1,2018,2017,1,-1,1,0,0,0,0,0,4.0,4.0,,
13033106,0,1,2016,2015,1,-1,0,0,0,0,0,0,4.0,4.0,,
13024106,0,0,2016,2015,1,-1,-1,0,0,0,0,0,4.0,4.0,,
13024206,0,1,2016,2015,1,-1,0,0,0,0,0,1,2.0,3.0,2.0,2.0
13021006,0,0,2016,2015,1,-1,-1,0,0,0,0,0,,,,
15625306,0,1,2018,2017,1,-1,0,0,0,0,0,0,,4.0,,
13019206,1,1,2016,2015,1,-1,0,0,0,0,0,1,2.0,2.0,2.5,2.5
13502806,0,0,2016,2015,1,-1,-1,0,0,0,0,0,2.0,2.5,4.0,4.0
13036906,0,1,2016,2015,1,-1,1,0,0,0,0,1,2.0,3.0,1.5,
13029806,0,1,2016,2015,1,-1,0,0,0,0,0,1,1.0,2.5,,
13032806,0,1,2016,2015,1,-1,0,0,0,0,0,1,2.0,2.0,1.0,2.5
13498506,0,1,2016,2015,1,-1,0,0,0,0,0,1,1.5,2.5,2.0,2.0
13031106,0,1,2016,2015,1,-1,0,0,0,0,0,1,2.0,3.0,2.0,2.0
16697306,0,1,2019,2019,0,-1,0,0,0,0,0,0,,,,
14288506,1,1,2017,2017,0,-1,0,0,0,0,0,0,2.0,1.0,1.5,2.5
14312806,0,1,2017,2017,0,-1,1,0,0,0,0,1,3.0,2.0,2.0,3.0
15644606,0,1,2018,2017,1,-1,0,0,0,0,0,0,2.0,4.0,,
16689606,0,1,2019,2019,0,-1,0,0,0,0,0,1,2.0,2.5,2.5,2.0
13023906,0,0,2016,2015,1,-1,-1,0,0,0,0,1,1.5,2.0,1.0,1.0
13017806,0,1,2016,2015,1,-1,0,0,0,0,0,1,1.0,1.5,1.5,1.5
13021806,0,0,2016,2015,1,-1,-1,0,0,0,0,1,2.5,2.0,1.5,2.0
13498406,0,1,2016,2015,1,-1,0,0,0,0,0,1,2.5,2.5,1.5,3.0
13023006,0,1,2016,2015,1,-1,0,0,0,0,0,1,2.0,2.5,1.5,2.5
13030606,0,1,2016,2015,1,-1,0,0,0,0,0,1,2.5,2.5,2.0,2.5
14246506,0,0,2017,2017,0,-1,-1,0,0,0,0,1,2.0,2.0,1.5,2.5
14246706,0,0,2017,2017,0,-1,-1,0,0,0,0,1,2.0,1.5,1.5,2.5
13023806,0,1,2016,2015,1,-1,0,0,0,0,0,1,1.5,3.0,1.5,2.5
13019906,0,1,2016,2015,1,-1,0,0,0,0,0,1,2.0,3.0,1.5,2.0
14248606,0,1,2017,2017,0,-1,0,0,0,0,0,0,1.5,2.0,2.0,2.5
14248806,0,1,2017,2017,0,-1,0,0,0,0,0,0,4.0,4.0,,
15631006,0,1,2018,2017,1,-1,0,0,0,0,0,0,4.0,4.0,,
13032706,0,1,2016,2015,1,-1,0,0,0,0,0,1,1.0,1.0,1.0,1.0
13018006,0,1,2016,2015,1,-1,0,0,0,0,0,1,2.0,2.5,2.0,2.5
13031706,0,1,2016,2015,1,-1,0,0,0,0,0,1,2.0,2.5,2.0,2.5
13020906,0,1,2016,2015,1,-1,0,0,0,0,0,1,1.5,2.0,1.5,2.5
13018906,0,1,2016,2015,1,-1,1,0,0,0,0,1,2.0,3.0,2.0,3.0
13022406,1,1,2016,2015,1,-1,1,0,0,0,0,1,1.0,1.0,1.0,1.0
13025106,0,1,2016,2015,1,-1,1,0,0,0,0,1,2.0,2.5,1.5,2.5
13034206,0,1,2016,2015,1,-1,1,0,0,0,0,1,1.5,2.0,2.0,2.5
13028806,0,1,2016,2015,1,-1,0,0,0,0,0,0,1.5,2.0,1.5,1.5
13031806,0,1,2016,2015,1,-1,0,0,0,0,0,1,1.5,2.0,1.0,1.5
13020306,0,1,2016,2015,1,-1,0,0,0,0,0,1,1.5,2.0,1.5,2.5
14256506,0,1,2017,2017,0,-1,0,0,0,0,0,1,1.5,1.5,1.5,2.0
13034306,0,1,2016,2015,1,-1,0,0,0,0,0,1,2.0,2.5,2.0,2.5
15710506,1,1,2018,2017,1,0,0,1,0,0,0,1,2.5,2.0,2.0,3.0
14257906,0,1,2017,2017,0,-1,1,0,0,0,0,1,2.0,2.5,1.5,3.0
15630006,0,1,2018,2017,1,-1,1,0,0,0,0,0,4.0,4.0,,
13026906,0,1,2016,2015,1,-1,1,0,0,0,0,1,1.5,2.0,2.0,2.0
14260806,0,1,2017,2017,0,-1,0,0,0,0,0,1,1.5,1.0,1.0,1.5
13018506,0,1,2016,2015,1,-1,0,0,0,0,0,1,1.5,1.5,1.0,1.5
13026606,0,1,2016,2015,1,-1,0,0,0,0,0,1,2.0,2.5,2.0,2.0
13017306,0,1,2016,2015,1,-1,1,0,0,0,0,1,1.0,1.5,1.5,2.0
13022106,0,1,2016,2015,1,-1,1,0,0,0,0,1,1.5,2.5,2.0,2.0
15630206,0,1,2018,2017,1,-1,1,0,0,0,0,0,4.0,4.0,,
13020706,0,1,2016,2015,1,-1,0,0,0,0,0,0,1.5,2.5,4.0,4.0
15639106,0,1,2018,2017,1,-1,1,0,0,0,0,0,3.0,2.5,2.5,3.0
14793206,0,1,2017,2017,0,-1,0,0,0,0,0,0,4.0,4.0,,
13025206,0,1,2016,2015,1,-1,1,0,0,0,0,1,2.0,2.5,1.5,1.5
13019406,0,1,2016,2015,1,-1,0,0,0,0,0,1,1.5,2.0,2.0,2.0
13029606,0,1,2016,2015,1,-1,0,0,0,0,0,1,2.0,2.0,1.5,2.0
13499206,0,1,2016,2015,1,-1,0,0,0,0,0,1,1.5,2.0,1.5,1.5
13022606,1,1,2016,2015,1,-1,0,0,0,0,0,1,1.0,1.5,1.5,1.0
13036106,0,1,2016,2015,1,-1,0,0,0,0,0,0,3.0,3.0,2.5,2.5
18531006,0,0,2020,2020,0,0,-1,1,1,0,0,0,,,,
13018806,0,0,2016,2015,1,-1,-1,0,0,0,0,1,2.0,1.0,1.5,1.5
14271206,0,1,2017,2017,0,-1,0,0,0,0,0,1,2.5,2.0,2.0,3.0
13036606,0,1,2016,2015,1,-1,1,0,0,0,0,1,1.5,3.0,1.5,2.5
13024406,0,1,2016,2015,1,-1,0,0,0,0,0,1,2.5,2.0,1.5,2.5
13021706,0,1,2016,2015,1,-1,0,0,0,0,0,1,2.5,3.0,2.5,3.0
13036206,0,1,2016,2015,1,-1,0,0,0,0,0,1,2.5,3.0,2.0,2.5
13020606,0,1,2016,2015,1,-1,1,0,0,0,0,1,2.0,2.0,1.5,1.5
14274706,0,1,2017,2017,0,-1,0,0,0,0,0,1,1.0,2.5,2.0,2.0
13023606,0,1,2016,2015,1,-1,0,0,0,0,0,1,2.0,3.0,1.5,3.0
14275806,0,1,2017,2017,0,-1,1,0,0,0,0,1,1.5,1.0,1.5,2.5
14276106,0,0,2017,2017,0,-1,-1,0,0,0,0,1,2.5,2.0,1.5,3.0
14276906,0,0,2017,2017,0,-1,-1,0,0,0,0,0,4.0,4.0,,
13017006,0,1,2016,2015,1,-1,0,0,0,0,0,1,1.5,2.0,1.5,2.0
13502606,0,1,2016,2015,1,-1,1,0,0,0,0,1,1.5,2.0,1.5,1.5
13018406,0,1,2016,2015,1,-1,1,0,0,0,0,1,2.0,2.0,1.5,1.5
13029006,0,1,2016,2015,1,-1,0,0,0,0,0,1,1.5,2.5,2.0,2.0
15636606,0,1,2018,2017,1,-1,1,0,0,0,0,0,4.0,4.0,,
13022906,0,1,2016,2015,1,-1,1,0,0,0,0,1,2.0,3.0,1.5,2.5
13020106,0,1,2016,2015,1,-1,0,0,0,0,0,1,2.5,2.5,1.5,2.0
15636506,0,1,2018,2017,1,-1,0,0,0,0,0,1,3.0,3.0,2.0,3.0
16697006,0,1,2019,2019,0,-1,0,0,0,0,0,0,4.0,4.0,,
16858906,0,0,2019,2019,0,-1,-1,0,0,0,0,0,4.0,4.0,,
15635906,0,0,2018,2017,1,-1,-1,0,0,0,0,0,4.0,4.0,,
14793606,0,1,2017,2017,0,-1,0,0,0,0,0,0,,,,
15641906,0,1,2018,2017,1,-1,0,0,0,0,0,1,2.5,3.0,1.5,3.0
13027006,0,1,2016,2015,1,-1,0,0,0,0,0,0,,,,
14282506,0,1,2017,2017,0,-1,0,0,0,0,0,1,1.5,3.0,1.5,3.0
13018106,0,1,2016,2015,1,-1,0,0,0,0,0,1,2.5,3.0,2.0,3.0
14282806,0,1,2017,2017,0,-1,0,0,0,0,0,1,2.5,2.5,2.0,3.0
14283106,0,1,2017,2017,0,-1,1,0,0,0,0,1,2.0,2.0,1.5,1.5
13500206,1,1,2016,2015,1,-1,0,0,0,0,0,1,2.0,2.0,2.0,2.0
13018306,0,1,2016,2015,1,-1,1,0,0,0,0,0,4.0,2.0,4.0,4.0
14284506,0,1,2017,2017,0,-1,0,0,0,0,0,0,4.0,4.0,,
13025006,1,1,2016,2015,1,-1,1,0,0,0,0,1,1.5,2.5,1.5,2.5
13024506,0,1,2016,2015,1,-1,0,0,0,0,0,1,1.5,2.0,2.5,2.5
13033306,0,1,2016,2015,1,-1,0,0,0,0,0,0,2.0,2.5,2.0,2.5
13028406,0,0,2016,2015,1,-1,-1,0,0,0,0,1,1.5,1.5,1.5,2.5
14793806,0,0,2017,2017,0,-1,-1,0,0,0,0,0,1.5,4.0,,
15638506,0,0,2018,2017,1,-1,-1,0,0,0,0,1,1.5,2.5,1.5,2.5
13027206,0,1,2016,2015,1,-1,0,0,0,0,0,1,2.5,2.5,2.0,2.5
15643306,0,1,2018,2017,1,-1,0,0,0,0,0,0,4.0,4.0,,
16697606,0,1,2019,2019,0,-1,0,0,0,0,0,0,4.0,4.0,,
13029706,0,1,2016,2015,1,-1,1,0,0,0,0,1,2.0,3.0,2.0,2.0
13027806,0,1,2016,2015,1,-1,1,0,0,0,0,1,1.0,2.5,1.5,2.0
14794006,0,1,2017,2017,0,-1,0,0,0,0,0,0,4.0,4.0,,
13021606,0,1,2016,2015,1,-1,0,0,0,0,0,1,1.5,1.5,1.0,1.5
15637406,0,1,2018,2017,1,-1,0,0,0,0,0,0,4.0,4.0,,
13032106,0,1,2016,2015,1,-1,0,0,0,0,0,1,2.0,2.5,2.0,2.0
13020506,0,1,2016,2015,1,-1,0,0,0,0,0,1,1.5,2.0,2.5,2.5
14292106,0,1,2017,2017,0,-1,1,0,0,0,0,0,2.5,2.5,4.0,3.0
13028906,0,1,2016,2015,1,-1,1,0,0,0,0,1,1.5,2.5,1.5,3.0
16699106,0,1,2019,2019,0,-1,0,0,0,0,0,0,4.0,4.0,,
13031506,0,1,2016,2015,1,-1,1,0,0,0,0,1,2.0,2.5,1.5,2.0
14294606,0,1,2017,2017,0,-1,0,0,0,0,0,0,4.0,4.0,,
13031606,0,1,2016,2015,1,-1,1,0,0,0,0,1,2.0,3.0,2.0,2.0
13025706,0,1,2016,2015,1,-1,1,0,0,0,0,1,2.0,2.5,1.5,3.0
13019106,0,1,2016,2015,1,-1,0,0,0,0,0,1,1.0,2.5,1.5,1.0
13024906,0,1,2016,2015,1,-1,0,0,0,0,0,1,2.5,3.0,1.5,3.0
15630706,0,1,2018,2017,1,-1,1,0,0,0,0,0,4.0,4.0,,
13021906,0,1,2016,2015,1,-1,0,0,0,0,0,1,2.5,2.5,2.0,1.5
13019806,0,1,2016,2015,1,-1,0,0,0,0,0,1,1.5,2.5,2.0,2.5
17204006,0,1,2019,2019,0,-1,0,0,0,0,0,0,2.5,4.0,2.5,
15635806,0,1,2018,2017,1,-1,1,0,0,0,0,0,2.0,4.0,4.0,4.0
13027906,0,0,2016,2015,1,-1,-1,0,0,0,0,1,2.5,2.5,1.5,2.0
16792806,0,0,2019,2019,0,-1,-1,0,0,0,0,0,2.0,1.5,,
14301006,0,0,2017,2017,0,-1,-1,0,0,0,0,0,2.0,1.5,4.0,4.0
13025806,1,1,2016,2015,1,-1,1,0,0,0,0,1,1.0,1.0,1.0,1.5
13020806,0,1,2016,2015,1,-1,1,0,0,0,0,1,1.0,1.5,1.5,1.5
13028106,0,1,2016,2015,1,-1,0,0,0,0,0,0,2.0,2.5,2.0,2.0
13032906,0,1,2016,2015,1,-1,0,0,0,0,0,1,1.5,3.0,2.0,2.0
13023206,0,1,2016,2015,1,-1,1,0,0,0,0,1,1.5,2.0,1.5,2.0
13019006,0,1,2016,2015,1,-1,0,0,0,0,0,1,1.5,1.5,1.5,1.0
14303806,0,1,2017,2017,0,-1,0,0,0,0,0,1,2.5,2.5,1.5,
13022006,1,1,2016,2015,1,-1,1,0,0,0,0,1,1.0,1.5,1.5,2.0
15634506,0,1,2018,2017,1,-1,1,0,0,0,0,1,3.0,2.5,1.5,2.5
17203906,0,1,2019,2019,0,-1,1,0,0,0,0,0,4.0,4.0,,
14794906,0,1,2017,2017,0,-1,0,0,0,0,0,0,4.0,4.0,,
16197706,0,1,2018,2017,1,-1,1,0,0,0,0,0,4.0,4.0,,
14308706,0,1,2017,2017,0,-1,0,0,0,0,0,1,1.5,2.5,2.5,3.0
14795006,0,1,2017,2017,0,-1,0,0,0,0,0,1,1.5,3.0,2.0,2.5
13022806,0,1,2016,2015,1,-1,0,0,0,0,0,1,1.0,2.0,1.5,2.5
13018706,0,0,2016,2015,1,-1,-1,0,0,0,0,1,2.5,2.5,2.0,2.5
14310406,1,1,2017,2017,0,-1,1,0,0,0,0,1,2.5,2.5,2.0,2.5
13501606,1,1,2016,2015,1,-1,0,0,0,0,0,1,2.0,2.5,2.0,2.5
18533406,0,0,2020,2020,0,0,1,1,1,0,0,0,,,,
13501706,1,1,2016,2015,1,-1,1,0,0,0,0,1,2.0,3.0,2.0,2.0
13024606,0,1,2016,2015,1,-1,0,0,0,0,0,1,1.0,1.5,1.0,1.0
14315106,0,1,2017,2017,0,-1,0,0,0,0,0,1,2.0,2.5,1.5,2.5
13032506,0,1,2016,2015,1,-1,0,0,0,0,0,1,1.5,2.5,1.5,2.0
15628006,0,1,2018,2017,1,-1,0,0,0,0,0,0,,1.5,1.5,
14795306,0,1,2017,2017,0,-1,0,0,0,0,0,0,4.0,4.0,,
18533706,0,1,2020,2020,0,0,0,0,0,1,0,0,2.0,,2.0,
13036306,0,1,2016,2015,1,-1,0,0,0,0,0,0,2.0,3.0,2.0,3.0
15637606,0,1,2018,2017,1,-1,0,0,0,0,0,0,2.5,4.0,,
14317306,0,1,2017,2017,0,-1,0,0,0,0,0,0,2.5,4.0,,
14317406,0,1,2017,2017,0,-1,0,0,0,0,0,0,2.5,2.5,4.0,4.0
14319106,0,1,2017,2017,0,-1,0,0,0,0,0,1,2.0,2.0,1.5,2.5
14319406,0,1,2017,2017,0,-1,1,0,0,0,0,1,2.0,2.0,1.5,2.5
13029106,0,1,2016,2015,1,-1,1,0,0,0,0,1,2.0,2.5,1.0,2.5
15636106,0,0,2018,2017,1,-1,-1,0,0,0,0,1,2.0,2.0,1.5,3.0
13026006,0,1,2016,2015,1,-1,0,0,0,0,0,1,2.0,2.0,1.5,2.0
13024006,1,0,2016,2015,1,-1,-1,0,0,0,0,1,1.5,2.0,1.5,1.0
16197006,0,1,2018,2017,1,-1,0,0,0,0,0,1,3.0,1.5,2.0,
15628306,0,0,2018,2017,1,-1,-1,0,0,0,0,0,4.0,2.0,,
14249906,0,1,2017,2017,0,-1,1,0,0,0,0,1,1.5,2.5,1.0,2.5
15631406,0,1,2018,2017,1,-1,0,0,0,0,0,0,4.0,4.0,,
14290906,0,1,2017,2017,0,-1,1,0,0,0,0,0,4.0,4.0,,
14793006,0,0,2017,2017,0,-1,-1,0,0,0,0,1,3.0,2.0,1.5,3.0
15630306,1,1,2018,2017,1,-1,0,0,0,0,0,0,3.0,2.0,2.5,2.5
14244706,0,1,2017,2017,0,-1,1,0,0,0,0,1,2.5,2.5,1.5,2.5
14794206,0,1,2017,2017,0,-1,0,0,0,0,0,1,2.0,2.5,2.0,2.5
14793506,0,1,2017,2017,0,-1,0,0,0,0,0,1,1.0,1.5,1.5,1.5
14245306,0,0,2017,2017,0,-1,-1,0,0,0,0,1,1.5,2.5,2.0,3.0
16690206,0,1,2019,2019,0,-1,0,0,0,0,0,1,1.5,2.0,2.5,3.0
13025606,0,1,2016,2015,1,-1,0,0,0,0,0,1,2.5,2.5,2.0,2.0
13025506,0,1,2016,2015,1,-1,0,0,0,0,0,1,1.0,2.0,1.0,1.5
14306606,0,1,2017,2017,0,-1,0,0,0,0,0,0,,,,
14293806,0,1,2017,2017,0,-1,1,0,0,0,0,1,1.5,3.0,1.5,3.0
13029506,0,1,2016,2015,1,-1,1,0,0,0,0,1,1.5,2.0,2.0,1.5
13020206,1,0,2016,2015,1,-1,-1,0,0,0,0,0,1.5,1.5,2.0,1.5
14294506,0,1,2017,2017,0,-1,1,0,0,0,0,1,2.5,2.0,2.0,3.0
15634206,0,1,2018,2017,1,-1,1,0,0,0,0,1,2.5,2.0,1.5,3.0
14304806,0,1,2017,2017,0,-1,0,0,0,0,0,0,,,,
16198306,0,0,2018,2017,1,-1,-1,0,0,0,0,0,4.0,4.0,,
14281706,0,1,2017,2017,0,-1,0,0,0,0,0,1,2.0,1.5,1.5,1.5
14261606,0,1,2017,2017,0,-1,0,0,0,0,0,1,1.0,1.5,1.5,2.5
14261006,0,1,2017,2017,0,-1,0,0,0,0,0,0,4.0,4.0,,
14242506,0,0,2017,2017,0,-1,-1,0,0,0,0,0,3.0,2.0,2.0,3.0
14306006,0,1,2017,2017,0,-1,0,0,0,0,0,1,2.0,1.5,1.5,2.0
14318506,1,1,2017,2017,0,-1,0,0,0,0,0,1,1.5,1.0,1.5,2.0
15637006,0,1,2018,2017,1,-1,0,0,0,0,0,1,2.5,2.0,2.0,2.5
14311206,0,1,2017,2017,0,-1,0,0,0,0,0,0,,,,
14276006,0,1,2017,2017,0,-1,1,0,0,0,0,1,1.0,1.5,1.5,1.5
15635206,1,1,2018,2017,1,-1,0,0,0,0,0,1,2.5,2.0,2.0,3.0
14279206,0,0,2017,2017,0,-1,-1,0,0,0,0,1,1.5,1.0,1.5,2.0
14319506,0,1,2017,2017,0,-1,0,0,0,0,0,0,4.0,4.0,,
16693606,0,1,2019,2019,0,-1,0,0,0,0,0,0,4.0,4.0,,
14260906,0,1,2017,2017,0,-1,0,0,0,0,0,1,1.5,2.0,1.5,1.5
14256006,0,1,2017,2017,0,-1,0,0,0,0,0,1,2.5,2.5,1.5,2.5
15628906,0,1,2018,2017,1,-1,0,0,0,0,0,0,,,4.0,4.0
16694706,1,0,2019,2019,0,-1,-1,0,0,0,0,0,4.0,4.0,,
14793906,0,1,2017,2017,0,-1,0,0,0,0,0,0,1.5,2.5,1.5,2.5
14253006,0,1,2017,2017,0,-1,1,0,0,0,0,1,2.0,2.0,1.5,2.0
14248506,0,1,2017,2017,0,-1,0,0,0,0,0,1,2.5,3.0,2.0,3.0
14300506,0,0,2017,2017,0,-1,-1,0,0,0,0,1,2.0,2.5,2.0,2.5
14244406,0,1,2017,2017,0,-1,1,0,0,0,0,1,1.5,2.0,1.5,2.5
17899006,0,1,2020,2020,0,0,0,0,1,0,0,0,,,,
14299706,1,0,2017,2017,0,-1,-1,0,0,0,0,1,1.0,1.0,1.5,1.5
14794306,0,1,2017,2017,0,-1,0,0,0,0,0,1,2.5,2.5,2.0,2.5
14240706,0,1,2017,2017,0,-1,1,0,0,0,0,1,2.0,2.5,2.0,2.5
16689906,0,1,2019,2019,0,-1,0,0,0,0,0,0,4.0,4.0,,
18529206,0,1,2020,2020,0,0,0,0,0,1,0,0,,,,
14258706,0,1,2017,2017,0,-1,0,0,0,0,0,1,2.0,3.0,2.0,2.5
14793106,0,1,2017,2017,0,-1,1,0,0,0,0,1,1.0,1.5,1.5,1.5
14266506,0,1,2017,2017,0,-1,0,0,0,0,0,1,1.5,1.5,1.5,2.0
14297206,0,1,2017,2017,0,-1,0,0,0,0,0,1,2.0,1.5,2.0,3.0
14793706,0,1,2017,2017,0,-1,0,0,0,0,0,1,2.0,1.5,1.5,2.5
15635406,0,1,2018,2017,1,-1,0,0,0,0,0,1,1.5,3.0,1.5,3.0
14302706,0,1,2017,2017,0,-1,0,0,0,0,0,0,,,1.5,2.0
14255206,0,1,2017,2017,0,-1,0,0,0,0,0,1,2.0,2.0,2.0,2.5
15627606,0,1,2018,2017,1,-1,0,0,0,0,0,1,3.0,2.5,2.0,3.0
15644006,0,0,2018,2017,1,-1,-1,0,0,0,0,1,2.5,2.5,2.0,2.5
15633506,0,1,2018,2017,1,-1,0,0,0,0,0,1,2.0,2.0,1.5,2.0
16691006,0,1,2019,2019,0,-1,1,0,0,0,0,0,4.0,4.0,,
14294306,0,1,2017,2017,0,-1,0,0,0,0,0,1,1.0,1.5,1.5,2.0
14319006,0,1,2017,2017,0,-1,0,0,0,0,0,1,3.0,3.0,2.0,3.0
14285606,0,1,2017,2017,0,-1,0,0,0,0,0,0,2.0,1.5,2.0,2.0
14310506,0,1,2017,2017,0,-1,0,0,0,0,0,1,1.0,2.0,1.5,2.0
15631206,0,1,2018,2017,1,-1,0,0,0,0,0,1,2.0,2.0,1.0,2.0
14317706,0,1,2017,2017,0,-1,1,0,0,0,0,0,,,,
14249606,0,1,2017,2017,0,-1,0,0,0,0,0,1,1.5,1.5,1.5,2.5
14277406,0,0,2017,2017,0,-1,-1,0,0,0,0,1,1.5,1.0,1.5,1.5
15632906,0,1,2018,2017,1,-1,0,0,0,0,0,1,2.5,2.5,2.0,2.5
16690906,0,1,2019,2019,0,-1,0,0,0,0,0,1,2.5,4.0,3.0,1.5
14246406,0,1,2017,2017,0,-1,1,0,0,0,0,1,2.0,2.0,2.0,2.5
14247506,0,1,2017,2017,0,-1,1,0,0,0,0,1,2.0,2.0,1.5,1.5
14304706,0,1,2017,2017,0,-1,1,0,0,0,0,0,4.0,4.0,,
15636406,0,1,2018,2017,1,-1,1,0,0,0,0,0,4.0,4.0,,
14294106,0,1,2017,2017,0,-1,1,0,0,0,0,1,2.0,2.0,1.5,2.5
15644906,0,1,2018,2017,1,-1,0,0,0,0,0,0,4.0,4.0,,
14284006,0,1,2017,2017,0,-1,0,0,0,0,0,1,1.0,2.5,1.5,1.5
14311806,0,1,2017,2017,0,-1,0,0,0,0,0,1,1.0,1.0,1.5,1.0
15636306,0,1,2018,2017,1,-1,1,0,0,0,0,1,2.5,2.0,2.0,2.5
14252806,1,1,2017,2017,0,-1,0,0,0,0,0,1,1.5,2.0,2.0,2.5
14242006,0,1,2017,2017,0,-1,0,0,0,0,0,1,1.5,1.5,1.5,1.5
17206106,0,1,2019,2019,0,-1,0,0,0,0,0,0,1.0,1.5,1.5,1.0
14308806,0,1,2017,2017,0,-1,0,0,0,0,0,1,1.0,1.5,1.5,1.0
14280506,0,1,2017,2017,0,-1,0,0,0,0,0,1,2.5,2.5,2.0,2.5
14310106,0,1,2017,2017,0,-1,0,0,0,0,0,1,2.0,2.0,1.5,2.5
15637306,0,1,2018,2017,1,-1,0,0,0,0,0,1,2.5,2.0,2.5,3.0
14280106,0,0,2017,2017,0,-1,-1,0,0,0,0,1,1.0,1.5,1.5,1.0
14795406,0,1,2017,2017,0,-1,0,0,0,0,0,1,2.0,2.0,1.5,2.5
15635706,0,1,2018,2017,1,-1,0,0,0,0,0,1,2.0,2.5,2.0,
15643906,0,1,2018,2017,1,-1,0,0,0,0,0,1,2.0,2.5,1.5,2.5
18532506,0,1,2020,2020,0,0,0,0,0,1,0,0,,,,
16699006,0,1,2019,2019,0,-1,0,0,0,0,0,0,4.0,4.0,,
14302006,0,1,2017,2017,0,-1,0,0,0,0,0,1,1.0,2.5,1.5,2.0
15628706,1,1,2018,2017,1,-1,1,0,0,0,0,0,4.0,4.0,,
16197806,0,1,2018,2017,1,-1,0,0,0,0,0,1,2.0,2.0,2.0,2.0
14256906,0,1,2017,2017,0,-1,0,0,0,0,0,0,,,4.0,
14280206,0,1,2017,2017,0,-1,0,0,0,0,0,1,2.0,2.5,2.0,3.0
14301606,0,1,2017,2017,0,-1,1,0,0,0,0,1,1.0,1.5,1.0,1.0
15642806,0,1,2018,2017,1,-1,1,0,0,0,0,1,2.5,3.0,2.0,3.0
14794706,0,1,2017,2017,0,-1,0,0,0,0,0,1,2.5,2.5,2.0,2.5
14295106,0,0,2017,2017,0,-1,-1,0,0,0,0,1,2.0,2.0,1.5,2.5
16698806,0,1,2019,2019,0,-1,0,0,0,0,0,0,4.0,4.0,,
15626706,0,1,2018,2017,1,-1,0,0,0,0,0,0,,4.0,,
14252506,0,1,2017,2017,0,-1,1,0,0,0,0,1,2.0,3.0,1.5,2.0
14315606,0,1,2017,2017,0,-1,0,0,0,0,0,1,1.5,1.5,2.0,2.0
16198506,0,0,2018,2017,1,-1,-1,0,0,0,0,1,2.5,2.5,2.0,2.5
14320706,0,1,2017,2017,0,-1,0,0,0,0,0,1,1.5,2.5,2.0,2.0
14313306,0,1,2017,2017,0,-1,1,0,0,0,0,1,1.5,2.5,1.5,2.0
15625606,0,1,2018,2017,1,-1,1,0,0,0,0,1,,2.5,2.0,
15641406,0,1,2018,2017,1,-1,0,0,0,0,0,1,3.0,2.0,1.5,2.5
15635506,0,0,2018,2017,1,-1,-1,0,0,0,0,0,4.0,4.0,,
15639306,0,1,2018,2017,1,-1,0,0,0,0,0,0,2.0,3.0,2.0,2.5
14300906,0,1,2017,2017,0,-1,0,0,0,0,0,1,1.5,1.5,1.0,1.5
15641806,0,1,2018,2017,1,-1,1,0,0,0,0,0,4.0,2.5,,
15633406,0,1,2018,2017,1,-1,0,0,0,0,0,0,,,,
15628206,0,1,2018,2017,1,-1,0,0,0,0,0,1,2.5,2.0,2.5,2.5
15627806,0,1,2018,2017,1,-1,0,0,0,0,0,1,2.5,2.5,1.5,2.5
14242206,0,1,2017,2017,0,-1,0,0,0,0,0,1,2.5,2.5,1.5,2.5
14309106,0,1,2017,2017,0,-1,0,0,0,0,0,1,1.5,2.5,1.5,2.5
15638106,0,1,2018,2017,1,-1,0,0,0,0,0,1,2.5,2.5,2.0,2.5
14303506,1,1,2017,2017,0,-1,0,0,0,0,0,1,1.5,2.0,1.5,1.5
16697106,0,1,2019,2019,0,-1,0,0,0,0,0,1,1.5,1.5,1.0,1.5
15629006,0,1,2018,2017,1,-1,1,0,0,0,0,1,2.5,2.0,2.0,3.0
14299206,0,1,2017,2017,0,-1,0,0,0,0,0,1,2.5,2.5,2.0,2.5
15642106,0,1,2018,2017,1,-1,0,0,0,0,0,1,4.0,2.5,4.0,3.0
14259906,0,1,2017,2017,0,-1,0,0,0,0,0,1,1.5,2.5,1.5,2.5
15635606,0,1,2018,2017,1,-1,0,0,0,0,0,1,2.5,2.5,2.0,
15643406,0,1,2018,2017,1,-1,0,0,0,0,0,1,2.5,2.5,2.0,2.5
15636206,0,0,2018,2017,1,-1,-1,0,0,0,0,0,3.0,2.5,2.0,3.0
18395106,0,0,2020,2020,0,-1,-1,0,0,0,0,1,3.0,2.5,2.0,3.0
15637106,1,0,2018,2017,1,-1,1,0,0,0,0,0,4.0,4.0,,
16696306,0,1,2019,2019,0,-1,0,0,0,0,0,0,4.0,4.0,,
17205106,0,1,2019,2014,5,1,0,0,0,0,0,0,4.0,4.0,,
14286606,0,1,2017,2017,0,-1,0,0,0,0,0,1,3.0,2.0,1.5,2.5
15642906,0,1,2018,2017,1,-1,1,0,0,0,0,1,2.5,2.5,1.5,2.0
15632206,0,0,2018,2017,1,-1,-1,0,0,0,0,1,2.0,2.5,1.5,3.0
14299306,0,1,2017,2017,0,-1,0,0,0,0,0,1,2.0,2.0,2.0,2.0
16700006,0,1,2019,2019,0,-1,1,0,0,0,0,1,3.0,3.0,2.5,2.0
15634806,1,1,2018,2017,1,-1,0,0,0,0,0,1,3.0,2.5,2.0,2.5
15643806,0,1,2018,2017,1,-1,0,0,0,0,0,0,2.0,2.5,4.0,3.0
14245006,0,1,2017,2017,0,-1,0,0,0,0,0,1,1.5,2.0,1.5,2.0
14271606,0,0,2017,2017,0,-1,-1,0,0,0,0,1,2.0,2.5,1.5,2.0
14287406,0,0,2017,2017,0,-1,-1,0,0,0,0,1,2.0,2.5,2.0,2.5
15635306,0,0,2018,2017,1,-1,-1,0,0,0,0,1,3.0,2.5,2.0,2.5
16197606,0,1,2018,2017,1,-1,1,0,0,0,0,1,2.5,2.0,2.0,1.5
14298706,0,1,2017,2017,0,-1,0,0,0,0,0,1,1.0,1.0,2.0,1.0
16702306,0,1,2019,2019,0,-1,0,0,0,0,0,1,3.0,4.0,2.5,2.0
15637206,0,1,2018,2017,1,-1,0,0,0,0,0,0,3.0,2.5,4.0,3.0
15633806,1,0,2018,2017,1,-1,-1,0,0,0,0,1,1.5,1.5,1.5,1.5
15643106,0,1,2018,2017,1,-1,0,0,0,0,0,1,2.5,3.0,2.5,2.5
15637506,0,0,2018,2017,1,-1,-1,0,0,0,0,1,2.0,2.5,2.0,3.0
15643206,0,1,2018,2017,1,-1,1,0,0,0,0,0,4.0,4.0,,
14280906,0,1,2017,2017,0,-1,0,0,0,0,0,1,1.5,2.0,1.0,2.5
14244906,0,1,2017,2017,0,-1,0,0,0,0,0,1,2.0,2.0,1.5,2.0
16198106,0,0,2018,2017,1,-1,-1,0,0,0,0,1,3.0,3.0,2.5,2.5
14296706,0,0,2017,2017,0,-1,-1,0,0,0,0,1,2.0,1.5,1.5,2.0
15629106,0,1,2018,2017,1,-1,1,0,0,0,0,1,2.5,1.5,2.0,3.0
16702106,0,1,2019,2015,4,1,0,0,0,0,0,0,4.0,,,
16695506,0,1,2019,2019,0,-1,1,0,0,0,0,1,2.5,4.0,2.5,2.5
14948006,0,1,2017,2017,0,-1,0,0,0,0,0,0,4.0,4.0,,
15639706,0,1,2018,2017,1,-1,1,0,0,0,0,1,3.0,2.5,2.0,3.0
14248206,0,1,2017,2017,0,-1,0,0,0,0,0,0,4.0,4.0,,
14275606,0,1,2017,2017,0,-1,0,0,0,0,0,1,1.5,2.0,2.0,2.5
14288006,0,0,2017,2017,0,-1,-1,0,0,0,0,0,1.0,2.0,4.0,1.0
17204106,0,0,2019,2019,0,-1,-1,0,0,0,0,0,1.0,2.0,,1.0
16196806,1,1,2018,2017,1,-1,1,0,0,0,0,1,2.5,2.0,2.0,3.0
14254406,0,0,2017,2017,0,-1,-1,0,0,0,0,1,2.0,2.5,2.5,2.5
15625806,0,1,2018,2017,1,-1,0,0,0,0,0,1,,1.5,1.5,
17206006,0,1,2019,2019,0,-1,1,0,0,0,0,0,4.0,4.0,,
15631106,1,1,2018,2017,1,-1,0,0,0,0,0,1,,2.0,2.5,
14250506,0,1,2017,2017,0,-1,1,0,0,0,0,1,1.5,2.5,1.5,2.0
15639906,0,1,2018,2017,1,-1,1,0,0,0,0,1,2.5,2.0,2.0,2.5
15643606,0,1,2018,2014,4,1,0,0,0,0,0,0,,,,
15627706,0,1,2018,2017,1,-1,1,0,0,0,0,1,2.5,2.0,2.0,2.0
15637806,0,1,2018,2017,1,-1,1,0,0,0,0,1,3.0,2.5,2.0,2.5
16198206,0,0,2018,2017,1,-1,-1,0,0,0,0,0,4.0,4.0,,
14300706,0,1,2017,2017,0,-1,0,0,0,0,0,1,2.0,2.0,2.0,2.0
15642606,0,1,2018,2017,1,-1,0,0,0,0,0,1,3.0,2.5,2.0,3.0
17894406,0,0,2020,2020,0,0,-1,1,1,0,0,0,,,,
17893906,1,1,2020,2020,0,0,1,0,1,0,0,0,,,,
15633906,0,1,2018,2017,1,-1,1,0,0,0,0,1,3.0,2.0,2.0,3.0
16692706,0,1,2019,2019,0,-1,0,0,0,0,0,1,2.5,2.0,2.0,2.0
15689606,0,0,2018,2017,1,-1,0,0,0,0,0,0,4.0,4.0,,
17891806,0,1,2020,2020,0,0,1,0,0,1,0,0,,,,
13026406,0,0,2016,2015,1,-1,-1,0,0,0,0,0,4.0,4.0,,
14794406,0,0,2017,2017,0,-1,-1,0,0,0,0,0,4.0,4.0,,
16701106,0,0,2019,2019,0,-1,-1,0,0,0,0,0,4.0,4.0,,
15636706,0,0,2018,2017,1,-1,-1,0,0,0,0,1,2.5,1.5,1.5,1.5
15631906,0,0,2018,2017,1,-1,-1,0,0,0,0,0,4.0,4.0,,
15625506,0,0,2018,2017,1,-1,-1,0,0,0,0,0,,4.0,,
16198606,0,0,2018,2017,1,-1,-1,0,0,0,0,1,3.0,3.0,2.0,3.0
15629906,0,0,2018,2017,1,-1,-1,0,0,0,0,1,2.0,2.5,1.5,2.5
13025906,0,0,2016,2015,1,-1,-1,0,0,0,0,0,2.5,2.5,2.0,3.0
15625906,0,0,2018,2017,1,-1,-1,0,0,0,0,1,,2.0,2.0,
15639806,0,0,2018,2017,1,-1,-1,0,0,0,0,1,2.5,2.5,2.0,3.0
15638906,0,0,2018,2017,1,-1,-1,0,0,0,0,1,2.5,1.5,2.5,3.0
16693106,0,0,2019,2019,0,-1,-1,0,0,0,0,1,2.0,4.0,2.0,2.0
15625406,0,0,2018,2017,1,-1,-1,0,0,0,0,0,,4.0,,
13023306,0,0,2016,2015,1,-1,-1,0,0,0,0,0,4.0,4.0,,
15641106,0,0,2018,2017,1,-1,-1,0,0,0,0,1,2.5,1.5,1.5,2.5
16689406,0,0,2019,2019,0,-1,-1,0,0,0,0,1,,4.0,1.5,
16703006,0,0,2019,2019,0,-1,-1,0,0,0,0,0,4.0,4.0,,
15632306,1,0,2018,2017,1,-1,-1,0,0,0,0,1,2.5,2.5,2.0,2.0
18529806,0,0,2020,2020,0,0,-1,0,0,1,0,1,2.0,2.0,1.5,2.0
15631506,0,0,2018,2017,1,-1,-1,0,0,0,0,0,,,4.0,2.0
13026106,0,0,2016,2015,1,-1,-1,0,0,0,0,0,4.0,4.0,,
17206406,0,0,2019,2019,0,-1,-1,0,0,0,0,0,4.0,4.0,,
18531206,1,0,2020,2020,0,0,1,0,0,1,0,0,,,,
17895406,1,0,2020,2020,0,0,-1,0,0,1,0,0,2.5,,,
16700506,1,0,2019,2019,0,-1,-1,0,0,0,0,0,2.5,4.0,,
15631706,0,0,2018,2017,1,-1,-1,0,0,0,0,1,2.5,3.0,2.5,2.5
16689806,0,0,2019,2019,0,-1,-1,0,0,0,0,0,4.0,4.0,,
13026206,0,0,2016,2015,1,-1,-1,0,0,0,0,0,4.0,4.0,,
13021206,0,0,2016,2015,1,-1,-1,0,0,0,0,0,2.5,2.5,3.0,2.5
15645006,0,0,2018,2017,1,-1,-1,0,0,0,0,1,2.5,2.5,3.0,2.5
15632506,0,0,2018,2017,1,-1,-1,0,0,0,0,1,2.0,1.5,1.5,1.5
15626306,1,0,2018,2017,1,-1,-1,0,0,0,0,0,,4.0,,
15640906,0,0,2018,2017,1,-1,-1,0,0,0,0,1,2.0,3.0,2.5,2.0
16698606,0,0,2019,2019,0,-1,-1,0,0,0,0,0,4.0,2.5,,
18532306,0,0,2020,2020,0,0,-1,0,0,1,0,1,,2.5,2.0,2.5
15634706,0,0,2018,2017,1,-1,-1,0,0,0,0,0,4.0,2.5,,
16688106,0,0,2019,2019,0,-1,-1,0,0,0,0,0,,4.0,,
15642006,0,0,2018,2017,1,-1,-1,0,0,0,0,0,4.0,4.0,,
13502706,0,0,2016,2015,1,-1,-1,0,0,0,0,0,2.0,2.5,2.0,3.0
15642206,0,1,2018,2017,1,-1,1,0,0,0,0,1,2.5,3.0,2.0,3.0
16703906,0,1,2019,2019,0,-1,1,0,0,0,0,0,4.0,4.0,,
15630606,0,1,2018,2017,1,-1,1,0,0,0,0,0,2.5,2.5,4.0,2.5
15636906,0,1,2018,2017,1,-1,0,0,0,0,0,1,2.5,2.5,2.0,3.0
15639006,0,1,2018,2017,1,-1,1,0,0,0,0,1,3.0,2.5,3.0,2.5
16197506,0,1,2018,2017,1,-1,0,0,0,0,0,0,4.0,4.0,,
15634006,0,1,2018,2017,1,-1,0,0,0,0,0,1,3.0,2.0,2.0,2.5
15626806,0,1,2018,2017,1,-1,0,0,0,0,0,0,4.0,4.0,,
15627106,0,1,2018,2017,1,-1,0,0,0,0,0,1,2.0,2.0,1.5,2.5
15626906,0,1,2018,2017,1,-1,0,0,0,0,0,0,4.0,4.0,,
15639506,0,1,2018,2017,1,-1,1,0,0,0,0,1,3.0,2.5,1.5,3.0
16693006,1,1,2019,2019,0,-1,0,0,0,0,0,0,4.0,4.0,,
16694006,0,1,2019,2019,0,-1,0,0,0,0,0,1,1.5,2.0,1.5,2.5
17206706,0,1,2019,2019,0,-1,0,0,0,0,0,1,,4.0,2.0,
16689306,0,1,2019,2019,0,-1,0,0,0,0,0,0,,4.0,,
15641206,0,1,2018,2017,1,-1,1,0,0,0,0,1,2.5,2.5,1.0,2.5
15641306,0,1,2018,2017,1,-1,1,0,0,0,0,1,2.5,3.0,2.0,3.0
15626606,0,1,2018,2017,1,-1,0,0,0,0,0,0,,2.0,2.5,
15629806,0,1,2018,2017,1,-1,1,0,0,0,0,1,2.0,1.5,2.0,2.0
15626106,0,1,2018,2017,1,-1,0,0,0,0,0,1,,1.0,1.0,
15632606,0,1,2018,2017,1,-1,0,0,0,0,0,0,,,,
15641506,0,1,2018,2017,1,-1,0,0,0,0,0,1,2.0,2.5,2.0,2.0
16695706,0,1,2019,2019,0,-1,0,0,0,0,0,1,2.5,4.0,2.0,2.5
16198806,0,1,2018,2017,1,-1,1,0,0,0,0,1,,2.0,2.0,
15640806,0,1,2018,2017,1,-1,1,0,0,0,0,1,2.5,2.0,1.5,2.5
15629506,0,1,2018,2017,1,-1,0,0,0,0,0,1,2.0,2.0,1.5,1.5
16701806,0,1,2019,2019,0,-1,0,0,0,0,0,0,4.0,1.5,2.0,4.0
17205006,0,1,2019,2019,0,-1,1,0,0,0,0,1,1.5,1.0,1.5,1.0
16700106,0,1,2019,2019,0,-1,0,0,0,0,0,0,4.0,4.0,,
15633006,0,1,2018,2017,1,-1,0,0,0,0,0,1,1.5,1.5,2.0,2.5
16695106,0,1,2019,2019,0,-1,1,0,0,0,0,1,2.5,4.0,2.0,2.0
15636806,0,1,2018,2017,1,-1,0,0,0,0,0,0,,,,
15631606,0,1,2018,2017,1,-1,0,0,0,0,0,1,1.5,1.0,1.5,2.0
15640706,0,1,2018,2017,1,-1,0,0,0,0,0,1,2.0,2.0,2.0,2.5
15631306,1,1,2018,2017,1,-1,0,0,0,0,0,1,3.0,2.5,2.0,2.5
15633306,0,1,2018,2017,1,-1,0,0,0,0,0,1,1.5,3.0,1.5,2.5
15643706,0,1,2018,2017,1,-1,0,0,0,0,0,1,3.0,2.0,2.5,3.0
15640406,0,1,2018,2017,1,-1,1,0,0,0,0,0,1.5,2.5,1.0,2.0
16689006,1,1,2019,2019,0,-1,0,0,0,0,0,0,,4.0,,
16700806,0,1,2019,2019,0,-1,1,0,0,0,0,0,3.0,4.0,,
17204406,0,0,2019,2019,0,-1,-1,0,0,0,0,0,4.0,4.0,,
15639206,0,1,2018,2017,1,-1,0,0,0,0,0,1,3.0,3.0,2.0,2.5
16689206,0,1,2019,2019,0,-1,0,0,0,0,0,0,,1.5,,
15632106,0,1,2018,2017,1,-1,0,0,0,0,0,1,2.0,2.0,1.5,2.5
15638406,0,1,2018,2017,1,-1,0,0,0,0,0,1,2.5,2.5,2.5,3.0
16690806,1,0,2019,2014,5,0,-1,0,0,0,0,0,1.5,4.0,,
15627406,0,1,2018,2017,1,-1,0,0,0,0,0,0,4.0,4.0,,
16196606,0,1,2018,2017,1,-1,0,0,0,0,0,0,4.0,4.0,,
18395406,0,1,2020,2020,0,-1,1,0,0,0,0,1,3.0,2.0,3.0,
16701206,0,1,2019,2019,0,-1,1,0,0,0,0,0,3.0,2.0,3.0,
15626406,0,1,2018,2017,1,-1,0,0,0,0,0,1,,1.0,1.5,
15640006,0,1,2018,2017,1,-1,0,0,0,0,0,1,2.5,2.0,1.5,2.5
15641006,0,1,2018,2017,1,-1,0,0,0,0,0,1,2.5,1.5,1.5,2.5
15642306,0,1,2018,2017,1,-1,1,0,0,0,0,1,2.5,2.0,1.5,3.0
15630506,0,1,2018,2017,1,-1,0,0,0,0,0,1,2.0,1.0,1.5,2.5
15627506,0,1,2018,2017,1,-1,0,0,0,0,0,1,1.5,2.0,2.0,2.0
16688406,0,1,2019,2019,0,-1,0,0,0,0,0,1,,2.0,3.0,
15633106,1,1,2018,2017,1,-1,1,0,0,0,0,1,1.5,2.0,1.5,1.5
15634306,0,1,2018,2017,1,-1,1,0,0,0,0,1,2.0,1.5,1.5,1.5
15625706,0,1,2018,2017,1,-1,0,0,0,0,0,0,,,,
15631806,0,1,2018,2017,1,-1,0,0,0,0,0,1,3.0,3.0,2.0,2.0
17885006,1,1,2020,2020,0,0,1,0,1,0,0,0,,,,
17885606,0,1,2020,2020,0,0,0,0,1,0,0,0,,,,
15632006,0,1,2018,2017,1,-1,0,0,0,0,0,1,3.0,2.5,2.0,3.0
15638806,0,1,2018,2017,1,-1,0,0,0,0,0,1,2.5,2.5,2.5,3.0
15637706,0,1,2018,2017,1,-1,0,0,0,0,0,0,2.0,2.5,3.0,3.0
15634406,0,1,2018,2017,1,-1,1,0,0,0,0,1,2.0,1.5,2.5,1.5
16696406,0,1,2019,2019,0,-1,1,0,0,0,0,0,4.0,4.0,,
16702206,0,0,2019,2014,5,0,-1,0,0,0,0,0,4.0,4.0,,
15642406,0,1,2018,2017,1,-1,1,0,0,0,0,1,1.0,2.0,2.0,2.0
15644406,0,1,2018,2017,1,-1,0,0,0,0,0,0,2.0,4.0,2.0,3.0
18530006,0,1,2020,2020,0,0,0,0,0,1,0,1,2.0,,2.0,2.5
15628606,0,1,2018,2017,1,-1,0,0,0,0,0,1,2.5,1.5,1.5,3.0
15628806,0,1,2018,2017,1,-1,1,0,0,0,0,1,,2.5,2.5,
16690706,0,0,2019,2019,0,-1,-1,0,0,0,0,0,4.0,4.0,,
16198906,0,1,2018,2017,1,-1,1,0,0,0,0,0,,2.0,2.5,
16690406,0,1,2019,2019,0,-1,1,0,0,0,0,1,2.0,4.0,2.0,3.0
16694806,1,1,2019,2019,0,-1,0,0,0,0,0,1,1.5,2.0,2.5,2.0
15632806,0,1,2018,2017,1,-1,0,0,0,0,0,1,2.5,2.0,1.5,2.0
15627906,0,1,2018,2017,1,-1,0,0,0,0,0,1,2.5,2.5,2.0,3.0
15638306,0,1,2018,2017,1,-1,0,0,0,0,0,1,2.5,2.5,2.0,2.0
15643006,0,1,2018,2017,1,-1,0,0,0,0,0,1,2.0,2.0,2.0,2.5
16701306,0,1,2019,2019,0,-1,1,0,0,0,0,0,2.0,4.0,,4.0
15627006,0,1,2018,2017,1,-1,0,0,0,0,0,1,3.0,2.5,2.0,3.0
15630806,0,1,2018,2017,1,-1,0,0,0,0,0,0,2.0,2.0,1.5,2.5
15638006,0,1,2018,2017,1,-1,1,0,0,0,0,1,2.5,2.5,2.0,2.5
17894006,0,1,2020,2020,0,0,1,0,0,1,0,0,,,,
15641706,0,1,2018,2017,1,-1,0,0,0,0,0,1,1.5,2.0,1.5,1.0
15629606,0,1,2018,2017,1,-1,1,0,0,0,0,1,2.0,2.5,2.0,3.0
15635006,0,1,2018,2017,1,-1,0,0,0,0,0,1,1.5,2.5,1.5,3.0
15639406,0,1,2018,2017,1,-1,0,0,0,0,0,1,2.0,2.0,1.5,2.5
15640506,0,1,2018,2017,1,-1,0,0,0,0,0,1,1.5,2.5,1.0,2.0
15629706,1,1,2018,2017,1,-1,1,0,0,0,0,1,2.5,2.5,2.0,3.0
15642706,0,1,2018,2017,1,-1,0,0,0,0,0,1,2.0,2.0,1.5,2.5
15629406,0,1,2018,2017,1,-1,1,0,0,0,0,0,4.0,4.0,,
15633606,0,1,2018,2017,1,-1,0,0,0,0,0,1,1.5,1.5,1.5,1.5
16690606,0,1,2019,2019,0,-1,0,0,0,0,0,0,4.0,4.0,,
15628506,0,1,2018,2017,1,-1,0,0,0,0,0,0,4.0,4.0,,
15640206,0,1,2018,2017,1,-1,0,0,0,0,0,1,3.0,2.0,2.0,3.0
15640306,0,1,2018,2017,1,-1,0,0,0,0,0,1,2.5,2.5,1.5,2.5
16197206,0,1,2018,2017,1,-1,0,0,0,0,0,1,2.5,2.0,2.0,2.5
15638706,0,1,2018,2017,1,-1,1,0,0,0,0,1,2.0,1.5,2.0,2.0
16691506,0,1,2019,2019,0,-1,0,0,0,0,0,1,4.0,2.0,3.0,2.5
15634906,0,1,2018,2017,1,-1,0,0,0,0,0,1,2.5,3.0,1.5,3.0
16196906,0,1,2018,2017,1,-1,0,0,0,0,0,0,,,,
15632706,0,1,2018,2017,1,-1,1,0,0,0,0,0,1.5,1.0,1.5,1.5
15639606,0,1,2018,2017,1,-1,0,0,0,0,0,1,2.5,2.5,2.5,3.0
16694606,0,1,2019,2019,0,-1,0,0,0,0,0,0,4.0,4.0,,
15633706,0,1,2018,2017,1,-1,0,0,0,0,0,1,2.0,2.0,1.5,1.0
15640606,0,1,2018,2017,1,-1,0,0,0,0,0,1,2.5,1.5,2.0,2.5
16702006,0,1,2019,2019,0,-1,1,0,0,0,0,1,2.5,4.0,2.5,2.5
16198006,1,1,2018,2017,1,-1,0,0,0,0,0,0,4.0,4.0,,
16196706,0,1,2018,2017,1,-1,0,0,0,0,0,1,2.0,2.5,2.5,2.5
15626506,0,1,2018,2017,1,-1,1,0,0,0,0,1,,2.0,1.5,
15628106,1,1,2018,2017,1,-1,1,0,0,0,0,1,2.0,2.0,2.0,1.5
15627306,0,1,2018,2017,1,-1,0,0,0,0,0,0,4.0,4.0,,
16697206,1,1,2019,2019,0,-1,0,0,0,0,0,1,3.0,2.0,2.0,2.0
18530906,0,1,2020,2020,0,0,1,1,1,0,0,0,,,,
13017906,0,0,2016,2015,1,-1,-1,0,0,0,0,1,2.5,2.5,2.0,2.0
13498906,1,0,2016,2015,1,-1,-1,0,0,0,0,0,2.0,2.5,4.0,3.0
17206306,0,0,2019,2019,0,-1,-1,0,0,0,0,1,1.5,,,
13500406,0,0,2016,2015,1,-1,-1,0,0,0,0,0,4.0,4.0,,
13036506,0,0,2016,2015,1,-1,-1,0,0,0,0,0,4.0,4.0,,
16703206,0,1,2019,2019,0,-1,1,0,0,0,0,1,2.0,2.0,1.5,2.0
16702906,0,1,2019,2019,0,-1,0,0,0,0,0,0,2.0,4.0,2.5,3.0
16700306,1,1,2019,2019,0,-1,1,0,0,0,0,1,1.5,1.5,1.0,2.0
17897506,0,1,2020,2020,0,0,1,0,0,1,0,0,,,,
17889106,0,1,2020,2020,0,0,0,1,1,0,0,0,,,,
16691206,0,1,2019,2019,0,-1,0,0,0,0,0,1,2.5,2.0,2.0,1.5
16691106,0,1,2019,2019,0,-1,0,0,0,0,0,1,2.5,3.0,3.0,2.0
16698306,0,1,2019,2019,0,-1,0,0,0,0,0,0,,,1.5,2.0
16692106,0,1,2019,2019,0,-1,1,0,0,0,0,1,2.0,1.5,1.5,1.5
16694406,0,1,2019,2019,0,-1,0,0,0,0,0,1,,,1.5,1.0
16703106,0,1,2019,2019,0,-1,0,0,0,0,0,1,2.5,3.0,2.5,2.0
16697806,0,1,2019,2019,0,-1,0,0,0,0,0,1,1.5,1.5,2.5,1.0
16703406,0,1,2019,2019,0,-1,0,0,0,0,0,0,,,,
17898106,1,0,2020,2020,0,0,-1,1,1,0,0,0,,,,
16692906,1,1,2019,2019,0,-1,0,0,0,0,0,1,1.0,2.0,2.0,2.0
16699406,0,1,2019,2019,0,-1,0,0,0,0,0,1,2.0,2.5,2.0,2.0
16693506,0,1,2019,2019,0,-1,0,0,0,0,0,0,4.0,4.0,,
16700906,0,1,2019,2019,0,-1,0,0,0,0,0,1,3.0,2.5,2.0,2.5
17897806,0,1,2020,2016,4,0,1,1,1,0,0,0,,,,
16695606,0,1,2019,2019,0,-1,0,0,0,0,0,1,,,1.0,1.0
17894506,0,1,2020,2020,0,0,0,1,1,0,0,0,,,,
18647106,0,1,2020,2020,0,0,0,1,1,0,0,0,,,,
16688006,0,1,2019,2019,0,-1,0,0,0,0,0,0,,2.0,2.0,
16697406,0,1,2019,2019,0,-1,1,0,0,0,0,0,1.5,3.0,4.0,4.0
16688506,0,1,2019,2019,0,-1,1,0,0,0,0,1,,1.0,1.5,
17888406,1,1,2020,2020,0,0,0,1,1,0,0,0,,,,
16694906,1,1,2019,2019,0,-1,0,0,0,0,0,1,1.5,1.5,2.0,1.5
16697706,0,1,2019,2019,0,-1,0,0,0,0,0,0,,,,
16699306,0,0,2019,2019,0,-1,-1,0,0,0,0,1,1.0,1.5,2.0,1.0
16700406,0,1,2019,2019,0,-1,0,0,0,0,0,1,2.0,2.0,2.5,1.0
16700606,0,1,2019,2019,0,-1,0,0,0,0,0,1,1.5,1.0,1.0,1.0
17206806,0,1,2019,2019,0,-1,1,0,0,0,0,1,,1.0,1.5,
16690306,1,1,2019,2015,4,1,0,0,0,0,0,0,4.0,,,
17893606,1,1,2020,2020,0,0,1,1,1,0,0,0,,,,
16697906,0,1,2019,2019,0,-1,0,0,0,0,0,1,3.0,2.5,1.5,2.0
18395506,0,1,2020,2020,0,-1,0,0,0,0,0,1,,,2.0,2.0
16703806,0,1,2019,2019,0,-1,0,0,0,0,0,0,,,2.0,2.0
16690106,0,1,2019,2019,0,-1,0,0,0,0,0,1,1.5,1.5,2.0,1.5
16695806,0,0,2019,2019,0,-1,-1,0,0,0,0,1,1.0,1.0,1.5,1.0
16688606,0,0,2019,2019,0,-1,-1,0,0,0,0,1,,4.0,2.5,
16698406,1,1,2019,2019,0,-1,0,0,0,0,0,0,,,2.5,
17892706,0,1,2020,2020,0,0,0,0,1,0,0,0,,,,
16691306,0,0,2019,2019,0,-1,-1,0,0,0,0,1,2.5,4.0,2.0,2.5
17888006,0,1,2020,2020,0,0,0,1,1,0,0,0,,,,
16696006,0,1,2019,2019,0,-1,1,0,0,0,0,1,2.0,1.5,2.5,2.0
17887906,1,1,2020,2020,0,0,1,1,1,0,0,0,,,,
16694206,0,1,2019,2019,0,-1,0,0,0,0,0,1,2.0,2.0,2.5,1.5
16691406,0,1,2019,2019,0,-1,0,0,0,0,0,1,4.0,1.5,2.0,2.0
18533506,0,1,2020,2020,0,0,0,1,1,0,0,0,,,,
16695906,1,1,2019,2019,0,-1,1,0,0,0,0,1,1.0,1.0,1.0,1.0
16698706,0,0,2019,2019,0,-1,-1,0,0,0,0,1,,,2.0,2.0
16701606,0,1,2019,2019,0,-1,1,0,0,0,0,1,2.0,4.0,2.0,2.0
16689706,0,1,2019,2019,0,-1,0,0,0,0,0,1,1.0,2.0,1.5,1.5
18530206,0,0,2020,2020,0,0,-1,1,1,0,0,0,,,,
17206206,0,1,2019,2019,0,-1,0,0,0,0,0,1,3.0,4.0,2.0,2.5
17893306,1,0,2020,2020,0,0,-1,1,1,0,0,0,,,,
16695306,0,1,2019,2019,0,-1,1,0,0,0,0,1,2.5,2.5,2.5,1.5
17898006,0,0,2020,2020,0,0,-1,1,1,0,0,0,,,,
16699906,0,1,2019,2019,0,-1,0,0,0,0,0,1,2.0,3.0,2.5,2.0
16694306,0,1,2019,2019,0,-1,0,0,0,0,0,1,1.0,1.5,2.5,1.5
16692506,1,1,2019,2019,0,-1,1,0,0,0,0,0,,,,
16702606,0,0,2019,2019,0,-1,1,0,0,0,0,1,1.5,1.5,2.0,1.5
17204606,0,0,2019,2019,0,-1,-1,0,0,0,0,1,2.5,4.0,2.5,2.0
17892306,0,0,2020,2020,0,0,-1,1,1,0,0,0,,,,
17206506,0,1,2019,2019,0,-1,0,0,0,0,0,1,2.0,2.5,2.5,3.0
18532206,0,1,2020,2020,0,0,0,1,1,0,0,0,,,,
13029306,0,1,2016,2015,1,-1,1,0,0,0,0,0,,4.0,,
16688306,0,1,2019,2019,0,-1,0,0,0,0,0,1,,3.0,2.5,
16694506,0,1,2019,2019,0,-1,0,0,0,0,0,1,1.5,2.0,2.5,2.0
17204306,0,1,2019,2019,0,-1,-1,0,0,0,0,1,1.0,1.5,2.0,2.0
17891506,0,1,2020,2020,0,0,0,1,1,0,0,0,,,,
16699206,0,1,2019,2019,0,-1,0,0,0,0,0,1,2.0,1.5,1.5,1.0
16699606,0,1,2019,2019,0,-1,0,0,0,0,0,1,2.0,2.0,2.0,1.5
16700206,0,1,2019,2019,0,-1,0,0,0,0,0,0,4.0,4.0,,
18531606,0,1,2020,2016,4,0,0,1,1,0,0,0,3.0,,,
16699506,0,1,2019,2019,0,-1,0,0,0,0,0,1,2.0,1.5,1.0,1.5
16701006,0,1,2019,2019,0,-1,0,0,0,0,0,0,4.0,4.0,,
16702706,0,1,2019,2019,0,-1,1,0,0,0,0,1,2.0,1.0,1.0,1.5
18529606,0,1,2020,2020,0,0,0,1,1,0,0,0,,,,
14277806,1,0,2017,2017,0,-1,-1,0,0,0,0,1,2.0,2.0,1.5,2.5
13498806,0,1,2016,2015,1,-1,0,0,0,0,0,1,1.5,2.5,1.5,2.5
13501506,0,1,2016,2015,1,-1,0,0,0,0,0,0,4.0,4.0,,
13501906,0,1,2016,2015,1,-1,0,0,0,0,0,0,2.5,4.0,4.0,4.0
14795206,0,1,2017,2017,0,-1,0,0,0,0,0,1,2.5,2.5,2.0,3.0
13502206,0,1,2016,2015,1,-1,0,0,0,0,0,0,4.0,4.0,,
13502306,0,1,2016,2015,1,-1,0,0,0,0,0,1,3.0,3.0,1.5,3.0
13502406,1,1,2016,2015,1,-1,0,0,0,0,0,0,2.5,4.0,,
14269306,1,1,2017,2017,0,-1,0,0,0,0,0,0,2.5,4.0,4.0,4.0
13502506,0,0,2016,2015,1,-1,-1,0,0,0,0,1,2.0,2.5,2.0,2.5
16700706,0,1,2019,2019,0,-1,0,0,0,0,0,0,,,1.5,2.0
18530106,1,0,2020,2020,0,0,-1,1,1,0,0,0,,,,
16696106,0,1,2019,2019,0,-1,0,0,0,0,0,0,4.0,3.0,4.0,4.0
16697506,0,1,2019,2019,0,-1,0,0,0,0,0,1,2.5,2.5,2.5,4.0
17885506,0,0,2020,2020,0,0,-1,1,1,0,0,0,,,,
16696606,0,1,2019,2019,0,-1,0,0,0,0,0,1,3.0,3.0,2.0,1.5
17885806,0,1,2020,2020,0,0,0,1,1,0,0,0,,,,
18531706,0,1,2020,2020,0,0,0,1,1,0,0,0,,,,
17898506,0,1,2020,2020,0,0,0,1,1,0,0,0,,,,
14265306,0,0,2017,2017,0,-1,-1,0,0,0,0,1,2.0,2.0,1.5,3.0
17897406,0,1,2020,2020,0,0,0,1,1,0,0,0,,,,
17897106,0,1,2020,2020,0,0,0,1,1,0,0,0,,,,
17891706,0,1,2020,2020,0,0,0,1,1,0,0,0,,,,
14283206,1,0,2017,2017,0,-1,-1,0,0,0,0,0,2.0,2.5,2.5,3.0
14264106,0,1,2017,2017,0,-1,0,0,0,0,0,1,2.0,2.0,1.5,2.5
18532406,0,1,2020,2020,0,0,0,1,1,0,0,0,,,,
14297806,0,0,2017,2017,0,-1,-1,0,0,0,0,1,1.5,3.0,1.5,2.5
17886806,0,1,2020,2020,0,0,0,1,1,0,0,0,,,,
17890006,0,1,2020,2020,0,0,0,1,1,0,0,0,,,,
17890406,0,1,2020,2020,0,0,0,1,1,0,0,0,,,,
14276606,0,0,2017,2017,0,-1,-1,0,0,0,0,0,4.0,4.0,,
14285106,0,1,2017,2017,0,-1,0,0,0,0,0,1,2.0,2.5,1.5,3.0
14297306,0,0,2017,2017,0,-1,-1,0,0,0,0,0,,,,
14309306,0,1,2017,2017,0,-1,0,0,0,0,0,1,2.0,2.0,1.5,3.0
17898906,0,1,2020,2020,0,0,1,1,1,0,0,0,,,,
15642506,0,0,2018,2017,1,-1,-1,0,0,0,0,1,2.5,3.0,2.0,3.0
14792606,0,0,2017,2017,0,-1,-1,0,0,0,0,1,2.5,2.0,2.0,2.0
14795106,0,0,2017,2017,0,-1,-1,0,0,0,0,1,2.0,2.0,2.0,2.0
14792806,0,0,2017,2017,0,-1,-1,0,0,0,0,1,2.5,3.0,2.0,3.0
17888506,0,1,2020,2020,0,0,0,1,1,0,0,1,,,,
18531806,0,1,2020,2020,0,0,0,0,0,1,0,0,,,,
15627206,0,0,2018,2017,1,-1,-1,0,0,0,0,0,4.0,4.0,,
15630106,0,1,2018,2017,1,-1,1,0,0,0,0,1,2.5,2.0,1.0,1.5
16702506,0,1,2019,2019,0,-1,0,0,0,0,0,1,2.5,3.0,1.5,2.0
16198706,0,1,2018,2017,1,-1,0,0,0,0,0,1,2.5,3.0,2.0,2.5
16198406,1,1,2018,2017,1,-1,0,0,0,0,0,1,1.5,1.5,2.0,2.5
16203206,0,1,2018,2017,1,-1,0,0,0,0,0,0,4.0,4.0,,
16702406,0,1,2019,2019,0,-1,0,0,0,0,0,1,2.0,1.5,1.5,1.5
16690006,0,0,2019,2019,0,-1,-1,0,0,0,0,0,4.0,4.0,,
16692806,0,0,2019,2019,0,-1,-1,0,0,0,0,1,2.5,4.0,3.0,1.5
16703606,0,1,2019,2019,0,-1,0,0,0,0,0,0,4.0,4.0,,
17205406,1,0,2019,2019,0,-1,-1,0,0,0,0,0,4.0,4.0,,
17206606,0,1,2019,2019,0,-1,0,0,0,0,0,0,,4.0,,
17206906,1,0,2019,2019,0,-1,-1,0,0,0,0,1,2.0,4.0,2.5,2.0
17212606,1,0,2019,2019,0,-1,-1,0,0,0,0,1,1.5,4.0,2.5,2.0
18532906,0,1,2020,2020,0,0,0,0,0,1,0,0,,,,
17887506,0,0,2020,2020,0,0,-1,0,0,1,0,0,,,,
17891406,0,1,2020,2020,0,0,0,0,0,1,0,0,,,,
18529406,0,0,2020,2020,0,0,-1,0,0,1,0,0,,,,
18578706,0,1,2020,2020,0,0,0,0,0,1,0,0,,,,
13031306,0,1,2016,2015,1,-1,1,0,0,0,0,0,4.0,2.5,4.0,
13028506,0,1,2016,2015,1,-1,0,0,0,0,0,0,4.0,1.5,,
14265806,0,1,2017,2017,0,-1,0,0,0,0,0,0,4.0,4.0,,
15643506,0,1,2018,2017,1,-1,1,0,0,0,0,0,4.0,4.0,,
16698006,0,1,2019,2019,0,-1,1,0,0,0,0,1,3.0,2.5,,2.0
16694106,0,1,2019,2019,0,-1,0,0,0,0,0,0,4.0,4.0,,
13024806,0,0,2016,2015,1,-1,-1,0,0,0,0,0,1.5,2.0,,
13034606,0,1,2016,2015,1,-1,1,0,0,0,0,1,1.5,1.5,,
13501306,0,1,2016,2015,1,-1,0,0,0,0,0,1,2.5,2.5,,
15629306,0,1,2018,2017,1,-1,1,0,0,0,0,1,2.0,2.5,,
14285806,0,0,2017,2017,0,-1,-1,0,0,0,0,1,2.0,2.5,1.5,
16693406,0,1,2019,2019,0,-1,1,0,0,0,0,0,4.0,4.0,,
13036706,0,1,2016,2015,1,-1,1,0,0,0,0,0,4.0,4.0,,
13027106,0,1,2016,2015,1,-1,0,0,0,0,0,1,2.0,2.5,,
13018606,0,1,2016,2015,1,-1,0,0,0,0,0,0,4.0,4.0,,
14310706,0,1,2017,2017,0,-1,0,0,0,0,0,1,2.0,2.5,,
13025406,0,1,2016,2015,1,-1,0,0,0,0,0,0,2.0,2.5,,
17204206,0,1,2019,2019,0,-1,0,0,0,0,0,0,4.0,4.0,,
14276306,0,1,2017,2017,0,-1,0,0,0,0,0,0,4.0,4.0,,
